# https://github.com/mikedh/trimesh
mtllib material.mtl

o Environment_PalmTree_3
usemtl Atlas
v 0.11596214 0.00315544 -0.13842718
v 0.19919774 0.33363383 0.00770202
v 0.19629297 0.00325407 -0.06225427
v 0.05797886 0.34543833 -0.07169325
v 0.13869188 0.33861071 -0.04914856
v 0.14351510 0.36828655 -0.04913252
v 0.20543903 0.36255631 0.00909386
v 0.22306989 0.00328696 0.04360237
v 0.06091451 0.37611425 -0.07216599
v -0.02281122 0.35264965 -0.04859018
v 0.00898609 0.00312978 -0.16959438
v 0.06258861 0.40020771 -0.08852700
v 0.15446426 0.39156340 -0.06279341
v 0.24631619 0.38315297 0.09340162
v 0.22608032 0.36064621 0.09090765
v 0.21936637 0.33197489 0.08751666
v 0.19629297 0.00325410 0.14896811
v 0.19919772 0.33363385 0.16747119
v 0.14351510 0.36828657 0.23168993
v 0.13869188 0.33861072 0.22474145
v 0.20543905 0.36255633 0.17290694
v 0.11596213 0.00315550 0.22366836
v 0.22335325 0.38525561 0.18481713
v 0.05797886 0.34543834 0.24784509
v 0.06091451 0.37611426 0.25546015
v 0.00898606 0.00312985 0.25285038
v -0.02281122 0.35264966 0.22529982
v -0.09772662 0.00331587 0.22166155
v 0.15446427 0.39156344 0.25032081
v 0.06258861 0.40020778 0.27677295
v -0.02175678 0.38431670 0.23242139
v -0.08343269 0.35820202 0.16844833
v -0.10446344 0.39270655 0.09237057
v -0.10363985 0.36005282 0.08863340
v -0.17766237 0.00353475 0.14545622
v -0.08378676 0.39060904 0.17418704
v -0.20430761 0.00360770 0.03958879
v -0.02933444 0.40931989 0.25103369
v -0.09829451 0.41632945 0.18606461
v -0.12128121 0.41866595 0.09482734
v -0.08343269 0.35820201 0.00867918
v -0.17766235 0.00353472 -0.06576614
v -0.08378677 0.39060903 0.01037393
v -0.02175678 0.38431667 -0.04840106
v -0.09772660 0.00331581 -0.14043394
v -0.09829454 0.41632941 0.00341466
v -0.02933445 0.40931986 -0.06208055
v -0.13749264 0.44303308 0.09697119
v -0.11221694 0.44057396 0.19753230
v 0.06469802 0.42364852 0.29764892
v -0.03638994 0.43319658 0.26919303
v -0.03376902 0.46148411 0.27495571
v -0.13649715 0.47090998 0.09976964
v 0.22335323 0.38525560 0.00216716
v 0.16575658 0.41467733 0.26859552
v 0.26680040 0.40599466 0.09577615
v 0.24153946 0.40816529 0.19648668
v 0.16575656 0.41467729 -0.07643844
v 0.24153942 0.40816525 -0.00478316
v 0.24859677 0.43771914 -0.00346214
v 0.27425929 0.43567069 0.09880880
v 0.17160919 0.44386438 -0.07637486
v 0.24859677 0.43771913 0.20120048
v -0.11221699 0.44057393 -0.00373750
v -0.11081514 0.46855346 -0.00262141
v -0.03376904 0.46148408 -0.07589443
v -0.03638995 0.43319655 -0.07584092
v 0.06469803 0.42364849 -0.10489069
v 0.06893959 0.45236615 -0.10537155
v 0.06893958 0.45236623 0.30395363
v 0.17160920 0.44386446 0.27447536
v -0.03342543 0.78148478 0.17500946
v -0.05146624 0.78253606 0.10252652
v -0.03342543 0.78148479 0.02998023
v -0.03728576 0.80231083 0.17481352
v -0.05575620 0.80335428 0.10046890
v 0.02069700 0.77833096 -0.02217551
v -0.03728576 0.80231083 0.02606324
v 0.01812559 0.79918066 -0.02739611
v -0.07362412 0.82308491 0.09852323
v 0.00902888 0.81871514 0.24180444
v -0.05296086 0.82199247 0.18203787
v -0.11081509 0.46855350 0.20204119
v 0.02069698 0.77833099 0.22697510
v 0.01812556 0.79918074 0.22808976
v 0.16472358 0.77055165 0.22698095
v 0.09278525 0.77428360 0.24783012
v 0.21862113 0.76787080 0.17494325
v 0.16559724 0.79150944 0.22807090
v 0.09193437 0.79517615 0.24945604
v 0.09161075 0.81456656 0.26574737
v 0.22078967 0.78888619 0.17471051
v 0.23658695 0.76697729 0.10223258
v 0.23918711 0.78801186 0.10015105
v 0.25641886 0.80737629 0.09833492
v 0.23582673 0.80824736 0.18197401
v 0.17405038 0.81086074 0.24179100
v 0.21862108 0.76787080 0.02953203
v 0.16559724 0.79150945 -0.02769512
v 0.22078962 0.78888619 0.02561001
v 0.16472357 0.77055162 -0.02247528
v 0.09278526 0.77428357 -0.04323068
v 0.09193440 0.79517607 -0.04896396
v 0.23582671 0.80824736 0.01471887
v 0.17405036 0.81086075 -0.04502903
v 0.00902888 0.81871506 -0.04485414
v 0.09161076 0.81456648 -0.06889222
v -0.05296087 0.82199247 0.01498456
v 0.00012982 0.83728861 -0.06236626
v 0.09152245 0.83311089 -0.08889649
v 0.18277501 0.82948460 -0.06244031
v -0.09133281 0.84174200 0.09661330
v -0.06846716 0.84062871 0.00389035
v -0.09514511 0.85933944 0.09466288
v -0.00184865 0.85525606 -0.06774913
v 0.09137755 0.85146521 -0.09485781
v 0.00012984 0.83728869 0.25562257
v -0.06846713 0.84062870 0.18934368
v 0.09152245 0.83311096 0.28214014
v 0.09137757 0.85146538 0.28407051
v -0.00184862 0.85525614 0.25704751
v 0.18277501 0.82948458 0.25558657
v 0.27395752 0.82613378 0.09650323
v 0.25116189 0.82697160 0.18927113
v 0.25116189 0.82697151 0.00377028
v 0.27747857 0.84534734 0.09437503
v 0.25422471 0.84607554 0.18913925
v 0.18446321 0.84825997 -0.06789224
v 0.25422471 0.84607545 -0.00032407
v -0.07182097 0.85831870 0.18939214
v 0.18446321 0.84826004 0.25690272
v 0.11943390 1.50095774 -0.13584438
v 0.14492404 1.25139123 -0.13033954
v 0.05923370 1.24968971 -0.15434705
v 0.16750765 1.49571179 -0.08876344
v 0.20918881 1.25279269 -0.06825538
v 0.06068728 1.22417352 -0.14819524
v 0.05533753 1.50796669 -0.15493880
v -0.02450742 1.22214156 -0.12177969
v -0.02646454 1.24832215 -0.12797460
v 0.12132886 1.53050917 -0.14154655
v -0.00875491 1.51500498 -0.13655215
v 0.05631412 1.53900395 -0.16114053
v 0.13600228 1.17485606 0.16226850
v 0.06476050 1.17114605 0.18513810
v 0.13582618 1.18940230 0.16167182
v 0.06319237 1.18576753 0.18491133
v 0.18942407 1.17777939 0.10828862
v 0.20025894 1.20876859 0.11017341
v 0.14097479 1.20628149 0.16963664
v 0.19029424 1.19226696 0.10671415
v 0.06192073 1.20315467 0.19454429
v 0.20723136 1.17875393 0.03419117
v 0.20845030 1.19322166 0.03122071
v 0.22002032 1.20959757 0.02821837
v -0.00650674 1.16781210 0.16590464
v -0.00946085 1.18250129 0.16525022
v 0.18942407 1.17777940 -0.03898586
v 0.13582618 1.18940231 -0.09561796
v 0.19029424 1.19226696 -0.04336961
v 0.13600228 1.17485607 -0.09020448
v 0.06476050 1.17114606 -0.10941607
v -0.00650675 1.16781192 -0.08657200
v 0.06319237 1.18576754 -0.11526333
v 0.06192073 1.20315469 -0.13167854
v 0.14097479 1.20628151 -0.10997748
v 0.20025894 1.20876860 -0.05293105
v -0.05996673 1.16545232 -0.03262811
v -0.07182101 0.85831871 -0.00007322
v -0.00946085 1.18250130 -0.09204473
v -0.08212377 1.17941946 0.03837230
v -0.06395804 1.18018985 -0.03711519
v -0.07645995 1.19848680 -0.04735366
v -0.01715030 1.20040626 -0.10679185
v -0.09622984 1.19784688 0.03459977
v -0.07778672 1.16466591 0.04145977
v -0.05996671 1.16545232 0.11465094
v -0.06395804 1.18018984 0.11297501
v -0.01715030 1.20040625 0.17283243
v -0.07645995 1.19848679 0.11576347
v 0.17009131 1.52414693 -0.09360247
v 0.05686440 1.56175551 -0.18279666
v 0.13101664 1.55158323 -0.16023282
v 0.18663257 1.54396408 -0.10538216
v 0.18634549 1.52202603 -0.02699796
v 0.18353226 1.49396313 -0.02319043
v 0.20517122 1.54142436 -0.02934658
v 0.16750765 1.49571178 0.04216987
v 0.17009134 1.52414692 0.03928328
v 0.20918881 1.25279268 0.10805158
v 0.23061042 1.25325983 0.01960217
v 0.14492404 1.25139122 0.17191126
v 0.12132887 1.53050916 0.08625758
v 0.11943391 1.50095773 0.08861268
v 0.13101667 1.55158313 0.09965126
v 0.18663260 1.54396407 0.04621689
v 0.05533753 1.50796668 0.10692778
v 0.05686441 1.56175550 0.12040144
v 0.05631413 1.53900394 0.10463097
v 0.05923370 1.24968969 0.19828904
v -0.02646453 1.24832214 0.17429263
v -0.00875490 1.51500497 0.08790493
v -0.00869687 1.54752191 0.08510950
v -0.01728322 1.57195478 0.09791234
v -0.07289222 1.57961417 0.04317378
v -0.05745370 1.55391916 0.03727415
v -0.05682276 1.52029441 0.04093130
v -0.09074118 1.24742183 0.11221486
v -0.07284538 1.52205750 -0.02460593
v -0.09142856 1.58216730 -0.03282442
v -0.07370600 1.55605162 -0.02929410
v -0.09074119 1.24742184 -0.06411263
v -0.11216673 1.24712177 0.02434847
v -0.05682277 1.52029442 -0.09000199
v -0.00869688 1.54752192 -0.14269463
v -0.05745373 1.55391917 -0.09561159
v -0.07289225 1.57961417 -0.10842526
v -0.01728324 1.57195479 -0.16197174
v -0.10909708 1.60584487 -0.03596698
v -0.08819168 1.60296429 0.04978792
v 0.05814888 1.58281847 0.13713066
v -0.02547549 1.59432366 0.11163165
v 0.06132800 1.60878971 0.13771013
v -0.02423516 1.62064861 0.11158571
v 0.14177880 1.57134570 0.11385135
v 0.20450333 1.56275332 0.05367239
v 0.22541147 1.55988932 -0.03152760
v 0.21107541 1.58810466 0.05235144
v 0.20450326 1.56275332 -0.11732095
v 0.23246824 1.58515200 -0.03483232
v 0.14177875 1.57134571 -0.17928011
v 0.14689668 1.59696267 -0.18606532
v -0.08819170 1.60296448 -0.12120542
v -0.08840543 1.62955504 0.04827430
v -0.10979555 1.63252391 -0.03949190
v -0.02423520 1.62064881 -0.18839511
v -0.02547551 1.59432367 -0.18149980
v 0.05814885 1.58281849 -0.20485604
v 0.06132795 1.60878972 -0.21226746
v -0.00018061 1.91077889 -0.11762739
v 0.04566571 1.92007051 -0.16543991
v 0.04500835 1.90162026 -0.16192887
v -0.01524357 1.91383176 -0.05532371
v -0.08840546 1.62955523 -0.12671451
v -0.00018058 1.91077888 0.00716059
v -0.00115157 1.92978159 -0.11948454
v -0.01675731 1.93301868 -0.05490535
v 0.04566573 1.92007068 0.05625127
v -0.00115153 1.92978159 0.00982934
v 0.04500836 1.90162025 0.05200397
v -0.03266312 1.95315276 -0.05461865
v 0.16551266 1.87719948 0.05287869
v 0.14689676 1.59696266 0.11391550
v 0.10808883 1.90712250 0.07507983
v 0.10526039 1.88940931 0.07023410
v 0.21070195 1.86804235 0.00868661
v 0.17051208 1.89417526 0.05703438
v 0.21732957 1.88446492 0.01119515
v 0.11126100 1.92312765 0.09490464
v 0.22576500 1.86499004 -0.05359325
v 0.23293539 1.88122802 -0.05335759
v 0.25518611 1.89310629 -0.05297573
v 0.23719543 1.89685896 0.02132130
v 0.18322347 1.90811660 0.07410089
v 0.21070188 1.86804235 -0.11612509
v 0.21107534 1.58810467 -0.12263737
v 0.17051208 1.89417527 -0.16467526
v 0.21732955 1.88446492 -0.11814177
v 0.16551265 1.87719931 -0.16107312
v 0.10808883 1.90712252 -0.18357048
v 0.03929885 1.93813984 -0.18187180
v 0.11126100 1.92312767 -0.20277168
v 0.10526039 1.88940932 -0.17936511
v 0.18322347 1.90811661 -0.18105558
v -0.01467264 1.94939934 -0.12895459
v 0.03929887 1.93814002 0.07327419
v -0.01467261 1.94939971 0.01987719
v 0.23719543 1.89685897 -0.12752358
v 0.04966251 2.12077182 0.02422438
v 0.03471357 1.97208244 0.09511142
v 0.09444718 2.11149621 0.06817829
v -0.04906940 1.98951029 -0.05341244
v -0.02812365 1.98515337 0.03313857
v 0.03473429 2.12386381 -0.03756481
v 0.04966251 2.12077182 -0.09946052
v -0.02812366 1.98515319 -0.13983151
v -0.02793344 1.96830109 0.03006123
v 0.03321305 1.95556506 0.09043885
v 0.10067121 2.18499340 -0.07177007
v 0.11108773 2.20900606 -0.02670578
v 0.10067121 2.18499340 0.01258628
v 0.03321304 1.95556489 -0.19820210
v 0.11474197 1.93858483 -0.22187851
v -0.04831561 1.97254624 -0.05420668
v -0.02793346 1.96830072 -0.13831208
v 0.11849679 1.95465573 -0.22580082
v 0.11849680 1.95465572 0.12013886
v 0.11474197 1.93858500 0.11487039
v 0.27780116 1.90463104 -0.05248625
v 0.25741875 1.90887488 0.03156782
v 0.19627144 1.92160736 0.09130004
v 0.19627139 1.92160738 -0.19734286
v 0.25741872 1.90887489 -0.13680791
v 0.28606465 1.91980861 -0.05192775
v 0.20228059 1.93723143 -0.20066596
v 0.26511862 1.92416441 0.03443746
v 0.20228059 1.93723142 0.09585359
v 0.21387343 2.08676271 0.06786401
v 0.25865845 2.07748841 0.02368548
v 0.24295128 2.15559415 0.01158328
v 0.17181110 2.17029322 0.05417143
v 0.15416018 2.09912900 0.08561786
v 0.21143958 2.18829810 0.03182452
v 0.14453829 2.20210329 0.03249059
v 0.27358681 2.07439698 -0.03814901
v 0.18593182 2.22722460 -0.02385324
v 0.26511860 1.92416441 -0.13853218
v 0.25865845 2.07748842 -0.09994396
v 0.21387343 2.08676272 -0.14400390
v 0.15416018 2.09912901 -0.16153264
v 0.21143958 2.18829811 -0.08721471
v 0.24295128 2.15559416 -0.07272860
v 0.17181110 2.17029322 -0.11442395
v 0.14453829 2.20210329 -0.08660435
v 0.24489032 2.18139570 -0.02798220
v 0.09444718 2.11149622 -0.14373398
v 0.03471356 1.97208227 -0.20140850
v 0.14586757 1.22658182 -0.12448427
v 0.20974739 1.22852903 -0.06283727
v 0.23104064 1.22917816 0.02455518
v 0.20974739 1.22852921 0.11263100
v 0.14586757 1.22658181 0.17632811
v 0.06068728 1.22417350 0.20276190
v -0.02450742 1.22214154 0.17904775
v -0.08840886 1.22075872 0.11738663
v -0.10970933 1.22029781 0.02997940
v -0.08840886 1.22075873 -0.05810049
v 0.22806802 2.65113676 -0.46621694
v 0.33799815 2.43294576 -0.36078748
v 0.35300120 2.49715561 -0.52471457
v 0.22260614 2.56638603 -0.28357003
v 0.38225355 2.28255933 -0.32654437
v 0.37360422 2.37892607 -0.39249164
v 0.21024244 2.46308614 -0.13677763
v 0.30588501 2.34500431 -0.20889949
v 0.41372650 2.35566760 -0.47444267
v 0.21858288 2.65648908 -0.60837588
v 0.05232529 2.50124896 -0.33772430
v 0.22260614 2.56638603 -0.28357003
v 0.22806802 2.65113676 -0.46621694
v 0.02903262 2.39550416 -0.23040372
v 0.09315496 2.41246466 -0.17999320
v 0.07042028 2.58245154 -0.49514885
v 0.21024244 2.46308614 -0.13677763
v 0.21858288 2.65648908 -0.60837588
v 0.05524771 2.58751719 -0.62080075
v -0.07867238 2.47146191 -0.47633078
v -0.06097312 2.44337359 -0.38286632
v -0.05454775 2.39975287 -0.40773515
v -0.07867238 2.47146191 -0.47633078
v -0.07313156 2.42466575 -0.49617848
v -0.06097312 2.44337359 -0.38286632
v 0.03304917 2.34606714 -0.26457558
v 0.02903262 2.39550416 -0.23040372
v 0.22558791 2.18985882 -0.17785001
v 0.27132437 2.29768847 -0.24588799
v 0.33195587 2.22093390 -0.29232238
v 0.19862999 2.22591852 -0.15499711
v 0.17001451 2.27937196 -0.11808974
v 0.19456437 2.40765550 -0.17818495
v 0.16911740 2.16777455 -0.08422333
v 0.16035406 2.18585972 -0.06602139
v 0.17001451 2.27937196 -0.11808974
v 0.09425499 2.35629548 -0.22025689
v 0.19456437 2.40765550 -0.17818495
v 0.16035406 2.18585972 -0.06602139
v 0.13694132 2.25956217 -0.13553431
v 0.20573752 2.67585687 -0.83739485
v 0.03948891 2.59148501 -0.84632419
v -0.08508468 2.50423553 -0.59351561
v 0.18453132 2.32737568 -0.06974875
v 0.14092907 2.30492223 -0.09094348
v 0.18453132 2.32737568 -0.06974875
v 0.23339561 2.26478782 -0.11193114
v 0.25451775 2.21609232 -0.14764301
v 0.36053169 2.25390309 -0.26628102
v 0.17633688 2.21797247 -0.03024679
v 0.19509580 2.19527558 -0.05111093
v 0.21410850 2.18430125 -0.09193074
v 0.38596434 2.31962672 -0.49680238
v 0.42714095 2.37547404 -0.57177794
v 0.41372650 2.35566760 -0.47444267
v 0.39950032 2.33605339 -0.58918757
v 0.42442372 2.38811209 -0.67734643
v -0.09129317 2.44893696 -0.91861411
v 0.04085323 2.52752531 -0.86297466
v -0.09163649 2.45109651 -0.87284295
v 0.02799769 2.52919071 -0.97340400
v 0.18280683 2.62898900 -1.00096928
v -0.08224951 2.46061816 -0.64461714
v 0.34760328 2.50651690 -0.64636649
v 0.42714095 2.37547404 -0.57177794
v 0.42442372 2.38811209 -0.67734643
v 0.40417737 2.37794001 -0.82167796
v 0.32585689 2.51385182 -0.87059846
v 0.20573752 2.67585687 -0.83739485
v 0.19790023 2.69186874 -0.98975773
v 0.30981528 2.53049009 -1.02011848
v 0.19790023 2.69186874 -0.98975773
v 0.02207526 2.59156418 -1.07229508
v 0.02502430 2.59389397 -0.95973097
v 0.19070710 2.68546292 -1.06605317
v 0.02249003 2.56621209 -1.14132602
v -0.08133361 2.48327726 -1.14641738
v 0.17543649 2.64429548 -1.14500260
v -0.09674994 2.49588959 -0.90823228
v -0.09385282 2.49481318 -1.08630469
v -0.04673977 2.44115895 -1.27336763
v 0.06150717 2.29201268 -1.59804289
v 0.14236170 2.29566439 -1.50842442
v 0.05455019 2.26827997 -1.61902354
v 0.15606984 2.34424441 -1.46387554
v 0.19424440 2.32968337 -1.42370834
v 0.08221296 2.35606401 -1.51578774
v 0.13132346 2.51007198 -1.32697996
v 0.22084061 2.43741037 -1.30819779
v 0.29998263 2.52851979 -1.09315522
v 0.37141901 2.39048977 -1.05030796
v 0.35991573 2.39187428 -1.12036512
v 0.17543649 2.64429548 -1.14500260
v 0.19070710 2.68546292 -1.06605317
v 0.27891353 2.50804187 -1.16057385
v 0.32722186 2.38684849 -1.18856801
v 0.38616459 2.38392208 -0.95535273
v 0.30163175 2.34951997 -1.18728549
v 0.26773277 2.36878755 -1.29721769
v 0.32722186 2.38684849 -1.18856801
v 0.24319792 2.33311324 -1.29102198
v 0.33371747 2.35293121 -1.12343485
v 0.19424440 2.32968337 -1.42370834
v 0.02298874 2.48229379 -1.29334720
v 0.13132346 2.51007198 -1.32697996
v 0.01865309 2.37541801 -1.45356049
v 0.08221296 2.35606401 -1.51578774
v -0.01592501 2.37736056 -1.40793267
v 0.00362936 2.32768568 -1.49815603
v 0.06150717 2.29201268 -1.59804289
v 0.26773277 2.36878755 -1.29721769
v 0.05455019 2.26827997 -1.61902354
v 0.03304917 2.34606714 -0.26457558
v 0.20663477 2.50764453 -0.31890830
v 0.05622200 2.44172068 -0.37212592
v 0.21152352 2.58721916 -0.49357924
v 0.35933848 2.34391451 -0.96492440
v 0.37141901 2.39048977 -1.05030796
v 0.38616459 2.38392208 -0.95535273
v 0.34485653 2.35058633 -1.05709861
v 0.35991573 2.39187428 -1.12036512
v -0.07994113 2.45730023 -0.61341644
v -0.08508468 2.50423553 -0.59351561
v -0.08741996 2.50797144 -0.62817720
v -0.08224951 2.46061816 -0.64461714
v -0.09701645 2.49807633 -0.86043215
v -0.09163649 2.45109651 -0.87284295
v -0.08844002 2.44946727 -1.04366530
v -0.09437589 2.49626324 -1.03512749
v -0.09385282 2.49481318 -1.08630469
v -0.08761828 2.44851248 -1.09180835
v -0.08133361 2.48327726 -1.14641738
v 0.17088184 2.29611161 -1.41309657
v 0.14236170 2.29566439 -1.50842442
v 0.33371747 2.35293121 -1.12343485
v 0.24842895 2.45556184 -1.15840983
v 0.30163175 2.34951997 -1.18728549
v 0.11914462 2.45343825 -1.31826558
v 0.19148455 2.38668999 -1.29966567
v 0.26844286 2.47357418 -1.09736359
v 0.16197632 2.58434494 -1.14332622
v -0.05454775 2.39975287 -0.40773515
v 0.07101300 2.51748247 -0.52273579
v 0.20237698 2.59220938 -0.63015090
v -0.07313156 2.42466575 -0.49617848
v 0.21152352 2.58721916 -0.49357924
v 0.30406718 2.38186793 -0.39241057
v 0.20663477 2.50764453 -0.31890830
v 0.38596434 2.31962672 -0.49680238
v 0.34109945 2.33761279 -0.41818306
v 0.35373995 2.24772432 -0.35010443
v 0.31928092 2.44075006 -0.54941381
v 0.20237698 2.59220938 -0.63015090
v 0.31447327 2.44954008 -0.66608357
v 0.05537480 2.52237192 -0.64320944
v -0.07994113 2.45730023 -0.61341644
v 0.19050451 2.61376671 -0.85283767
v 0.36053169 2.25390309 -0.26628102
v 0.22558791 2.18985882 -0.17785001
v 0.33195587 2.22093390 -0.29232238
v 0.25451775 2.21609232 -0.14764301
v 0.38225355 2.28255933 -0.32654437
v 0.19356792 2.16473789 -0.11528750
v 0.19356792 2.16473789 -0.11528750
v 0.39950032 2.33605339 -0.58918757
v 0.39721522 2.34812408 -0.69134216
v -0.07433682 2.43868181 -1.14755406
v 0.02605102 2.52856114 -1.07916862
v -0.08761828 2.44851248 -1.09180835
v 0.16197632 2.58434494 -1.14332622
v 0.17624360 2.62337686 -1.07128218
v 0.02748935 2.50568264 -1.14182530
v -0.08844002 2.44946727 -1.04366530
v -0.03918924 2.39828011 -1.26952472
v 0.02864175 2.42363090 -1.28744234
v 0.37731908 2.33802315 -0.83269113
v 0.19050451 2.61376671 -0.85283767
v 0.29339658 2.45748799 -0.88481958
v 0.18280683 2.62898900 -1.00096928
v 0.27757809 2.47394112 -1.02994068
v 0.12381817 2.26514961 -1.49786053
v 0.17088184 2.29611161 -1.41309657
v 0.12847848 2.29643515 -1.44961233
v 0.07096152 2.30180404 -1.50189520
v 0.04617519 2.22740851 -1.60722462
v 0.17624360 2.62337686 -1.07128218
v 0.11914462 2.45343825 -1.31826558
v 0.24319792 2.33311324 -1.29102198
v 0.34485653 2.35058633 -1.05709861
v 0.35933848 2.34391451 -0.96492440
v 0.02479655 2.31995608 -1.44183048
v 0.07096152 2.30180404 -1.50189520
v -0.00796798 2.33668430 -1.39967165
v 0.00874777 2.29070379 -1.48907806
v 0.04617519 2.22740851 -1.60722462
v 0.16911740 2.16777455 -0.08422333
v 0.21410850 2.18430125 -0.09193074
v 0.19509580 2.19527558 -0.05111093
v 0.16035406 2.18585972 -0.06602139
v 0.17633688 2.21797247 -0.03024679
v 0.12381817 2.26514961 -1.49786053
v 0.04617519 2.22740851 -1.60722462
v 0.05455019 2.26827997 -1.61902354
v 0.13694132 2.25956217 -0.13553431
v 0.17633688 2.21797247 -0.03024679
v 0.16035406 2.18585972 -0.06602139
v -0.08741996 2.50797144 -0.62817720
v -0.09701645 2.49807633 -0.86043215
v -0.00796798 2.33668430 -1.39967165
v -0.03918924 2.39828011 -1.26952472
v -0.01592501 2.37736056 -1.40793267
v 0.00362936 2.32768568 -1.49815603
v -0.04673977 2.44115895 -1.27336763
v -0.07433682 2.43868181 -1.14755406
v 0.39721522 2.34812408 -0.69134216
v 0.40417737 2.37794001 -0.82167796
v 0.05455019 2.26827997 -1.61902354
v 0.00874777 2.29070379 -1.48907806
v 0.04617519 2.22740851 -1.60722462
v 0.37731908 2.33802315 -0.83269113
v -0.09437589 2.49626324 -1.03512749
v 0.29339658 2.45748799 -0.88481958
v 0.35933848 2.34391451 -0.96492440
v 0.38616459 2.38392208 -0.95535273
v 0.32585689 2.51385182 -0.87059846
v 0.40417737 2.37794001 -0.82167796
v 0.29339658 2.45748799 -0.88481958
v 0.32585689 2.51385182 -0.87059846
v 0.37731908 2.33802315 -0.83269113
v 0.34109945 2.33761279 -0.41818306
v 0.37360422 2.37892607 -0.39249164
v 0.34109945 2.33761279 -0.41818306
v 0.35373995 2.24772432 -0.35010443
v 0.37360422 2.37892607 -0.39249164
v -0.08508468 2.50423553 -0.59351561
v 0.07101300 2.51748247 -0.52273579
v 0.07042028 2.58245154 -0.49514885
v -0.07994113 2.45730023 -0.61341644
v 0.07101300 2.51748247 -0.52273579
v -0.07313156 2.42466575 -0.49617848
v -0.07867238 2.47146191 -0.47633078
v 0.07042028 2.58245154 -0.49514885
v 0.02799769 2.52919071 -0.97340400
v -0.09437589 2.49626324 -1.03512749
v -0.08844002 2.44946727 -1.04366530
v 0.02502430 2.59389397 -0.95973097
v 0.02799769 2.52919071 -0.97340400
v -0.09129317 2.44893696 -0.91861411
v -0.09674994 2.49588959 -0.90823228
v 0.02502430 2.59389397 -0.95973097
v -0.09674994 2.49588959 -0.90823228
v -0.09129317 2.44893696 -0.91861411
v 0.91395034 2.51371768 -0.16715340
v 1.03957839 2.43687650 -0.28231462
v 0.90220710 2.45221854 -0.26693673
v 0.66590928 2.46139710 -0.15005347
v 0.93055293 2.58068908 -0.01775281
v 0.58885496 2.38376335 -0.22425108
v 0.50591617 2.41599363 -0.12889980
v 0.71560577 2.41890476 -0.24725232
v 0.66810474 2.43330692 -0.19796571
v 1.06143029 2.49276590 -0.18390899
v 0.66213659 2.52119061 -0.01132755
v 0.49973927 2.47172657 -0.01042054
v 0.66213659 2.52119061 -0.01132755
v 0.93202870 2.47708931 0.07488430
v 0.93055293 2.58068908 -0.01775281
v 0.68273451 2.41157431 0.08812269
v 1.09100193 2.55246498 -0.03571267
v 0.88552423 2.35635228 0.15520147
v 0.52009095 2.37165969 0.07163703
v 0.69774240 2.32769921 0.14848597
v 0.69774240 2.32769921 0.14848597
v 0.88296449 2.32453551 0.13376147
v 0.88552423 2.35635228 0.15520147
v 0.69973129 2.29746494 0.12661556
v 0.53551057 2.29420103 0.11919027
v 0.54099779 2.26536039 0.09657695
v 0.28243803 2.28446424 0.01874790
v 0.40037618 2.26800237 0.08020516
v 0.38856934 2.32976712 0.04711758
v 0.26901849 2.33822744 -0.02312656
v 0.17270176 2.25236956 -0.03183050
v 0.18629237 2.22086161 -0.00746899
v 0.21291962 2.20523123 0.00744383
v 0.29358182 2.24215854 0.03738105
v 0.37373386 2.40926668 -0.01504679
v 0.53551057 2.29420103 0.11919027
v 1.08111724 2.44933981 0.06353452
v 0.97829290 2.35699657 0.15272330
v 1.06341513 2.34720390 0.14481632
v 1.25690019 2.52442155 -0.05403050
v 0.37373386 2.40926668 -0.01504679
v 0.27509469 2.30743159 -0.08513998
v 0.26901849 2.33822744 -0.02312656
v 0.37772679 2.36367863 -0.10627312
v 0.38314748 2.32188889 -0.16353868
v 0.28237482 2.27721073 -0.12117120
v 0.51250816 2.36614552 -0.20623732
v 0.49973927 2.47172657 -0.01042054
v 0.90157595 2.41421164 -0.26091906
v 1.03957839 2.43687650 -0.28231462
v 1.03637036 2.39918829 -0.27628973
v 0.71957721 2.38228013 -0.24083875
v 0.71560577 2.41890476 -0.24725232
v 0.90220710 2.45221854 -0.26693673
v 0.67272093 2.39108113 -0.19011315
v 0.18195683 2.23442186 -0.06880639
v 0.17270176 2.25236956 -0.03183050
v 0.20585945 2.22731326 -0.09244098
v 1.21358251 2.26983018 0.09433398
v 1.22881150 2.36682910 0.02008231
v 1.24456380 2.26128492 0.08664456
v 1.05831213 2.31543537 0.12398635
v 1.07417889 2.40326896 0.04013758
v 1.30637400 2.34600604 0.01388139
v 1.24668321 2.47617550 -0.06396348
v 1.35489749 2.46000756 -0.07544161
v 1.09100193 2.55246498 -0.03571267
v 1.25690019 2.52442155 -0.05403050
v 1.22014685 2.45456231 -0.19854834
v 1.33008277 2.43623444 -0.20355239
v 1.30072590 2.36113445 -0.29707843
v 1.23214126 2.37695241 -0.29608478
v 1.13680428 2.40040963 -0.29163040
v 1.36832520 2.50805114 -0.06578815
v 1.31930970 2.38942634 0.03798112
v 1.41925113 2.48930715 -0.07365436
v 1.34177934 2.27268729 0.08623874
v 1.39665222 2.36905664 0.02282381
v 1.23937353 2.41078827 0.04318964
v 1.37674827 2.26381085 0.07783252
v 1.46028847 2.44465657 -0.08653320
v 1.43575985 2.34169755 0.00452534
v 1.41404485 2.25104820 0.05603234
v 1.54159917 2.31297706 -0.12161443
v 1.65659394 2.10357980 -0.17635683
v 1.66318100 2.08236017 -0.18153450
v 1.59309302 2.14793124 -0.22249615
v 1.54440533 2.20139829 -0.23835951
v 1.57851707 2.19143835 -0.21126156
v 1.62098296 2.16557217 -0.16003605
v 1.48898587 2.25491916 -0.25568620
v 1.50061036 2.29921957 -0.20812793
v 1.54159917 2.31297706 -0.12161443
v 1.22135710 2.30064429 0.11461057
v 1.25373863 2.29173339 0.10666971
v 1.42073119 2.38870085 -0.20808672
v 1.44662438 2.28953400 -0.26962277
v 1.39677105 2.32167096 -0.28556650
v 1.41925113 2.48930715 -0.07365436
v 1.46028847 2.44465657 -0.08653320
v 1.35015380 2.34698859 -0.29840608
v 1.38036478 2.41999813 -0.20760122
v 1.36832520 2.50805114 -0.06578815
v 1.38383387 2.28869711 -0.27767733
v 1.44662438 2.28953400 -0.26962277
v 1.43088531 2.25866717 -0.26163763
v 1.39677105 2.32167096 -0.28556650
v 1.33969737 2.31206120 -0.29120074
v 1.35015380 2.34698859 -0.29840608
v 1.58657040 2.16624923 -0.09732333
v 1.51220579 2.26295255 -0.04408067
v 1.55672301 2.16287319 -0.06409863
v 1.62098296 2.16557217 -0.16003605
v 1.48642194 2.21529566 -0.00155843
v 1.60151403 2.12283694 -0.10731975
v 1.65659394 2.10357980 -0.17635683
v 1.66318100 2.08236017 -0.18153450
v 0.50983778 2.42356490 -0.02181763
v 0.68592802 2.36856770 0.06185418
v 0.52820207 2.33031716 0.04448645
v 0.88296449 2.32453551 0.13376147
v 0.69973129 2.29746494 0.12661556
v 0.66689430 2.47172676 -0.02262329
v 0.38819432 2.36335322 -0.02626524
v 0.92872698 2.43047308 0.05042741
v 1.22584654 2.34008358 -0.28969777
v 1.30072590 2.36113445 -0.29707843
v 1.29253035 2.32486503 -0.29044502
v 1.23214126 2.37695241 -0.29608478
v 0.97829290 2.35699657 0.15272330
v 1.05831213 2.31543537 0.12398635
v 1.06341513 2.34720390 0.14481632
v 0.97573502 2.32494398 0.13153025
v 1.21358251 2.26983018 0.09433398
v 1.22135710 2.30064429 0.11461057
v 1.34177934 2.27268729 0.08623874
v 1.36439074 2.23482866 0.05814692
v 1.37674827 2.26381085 0.07783252
v 1.33136446 2.24279780 0.06617557
v 1.39922295 2.22413409 0.03694513
v 1.41404485 2.25104820 0.05603234
v 1.54440533 2.20139829 -0.23835951
v 1.47311147 2.22428051 -0.24700313
v 1.48898587 2.25491916 -0.25568620
v 1.52622340 2.17312184 -0.22960389
v 1.59309302 2.14793124 -0.22249615
v 1.57584250 2.12329962 -0.21641706
v 1.38383387 2.28869711 -0.27767733
v 1.47814862 2.25735084 -0.20045675
v 1.40211536 2.34428608 -0.20105246
v 1.36535103 2.37260033 -0.20147587
v 1.43888220 2.40112972 -0.09460457
v 1.40192872 2.44294647 -0.08265117
v 1.51641509 2.27317252 -0.12858628
v 1.35489749 2.46000756 -0.07544161
v 1.31843137 2.38665976 -0.19822767
v 1.33969737 2.31206120 -0.29120074
v 1.29253035 2.32486503 -0.29044502
v 0.54099779 2.26536039 0.09657695
v 1.08445240 2.50145067 -0.04652605
v 0.92801303 2.52890978 -0.02902787
v 0.92801303 2.52890978 -0.02902787
v 0.67131636 2.41136198 -0.14500662
v 0.91271168 2.46137083 -0.16287482
v 0.66689430 2.47172676 -0.02262329
v 1.05652129 2.44103745 -0.17951068
v 0.51636193 2.36734935 -0.12302115
v 0.59409835 2.34747791 -0.21708316
v 0.67272093 2.39108113 -0.19011315
v 0.71957721 2.38228013 -0.24083875
v 0.90157595 2.41421164 -0.26091906
v 1.03637036 2.39918829 -0.27628973
v 0.29749873 2.24818420 -0.00916371
v 0.40883394 2.24140137 0.05709104
v 0.30411892 2.21748054 0.01402516
v 0.18691128 2.22022999 -0.03998151
v 0.28644905 2.29421854 -0.03413971
v 0.19869450 2.19470952 -0.02842866
v 0.40078657 2.29116287 0.01942271
v 0.22144131 2.18667090 -0.00915071
v 0.97573502 2.32494398 0.13153025
v 0.39239265 2.31741574 -0.09932481
v 0.50983778 2.42356490 -0.02181763
v 0.38819432 2.36335322 -0.02626524
v 0.29520814 2.24534963 -0.11203559
v 0.39383280 2.28832067 -0.15513958
v 0.29267448 2.26327293 -0.07741550
v 0.28644905 2.29421854 -0.03413971
v 0.52011809 2.33066474 -0.19881706
v 0.19627225 2.20228564 -0.06269815
v 0.18691128 2.22022999 -0.03998151
v 0.21597221 2.20377650 -0.08652414
v 1.36439074 2.23482866 0.05814692
v 1.41506419 2.30378695 -0.01786149
v 1.39922295 2.22413409 0.03694513
v 1.51641509 2.27317252 -0.12858628
v 1.48769245 2.22750083 -0.06543643
v 1.37955677 2.32816860 -0.00049833
v 1.40192872 2.44294647 -0.08265117
v 1.43888220 2.40112972 -0.09460457
v 1.33136446 2.24279780 0.06617557
v 1.08445240 2.50145067 -0.04652605
v 1.21161658 2.40433496 -0.19365038
v 1.24668321 2.47617550 -0.06396348
v 1.22584654 2.34008358 -0.28969777
v 1.13154156 2.36336031 -0.28540431
v 1.57584250 2.12329962 -0.21641706
v 1.55302892 2.15298572 -0.20316995
v 1.52622340 2.17312184 -0.22960389
v 1.59299672 2.12845766 -0.16620806
v 1.47311147 2.22428051 -0.24700313
v 1.43088531 2.25866717 -0.26163763
v 1.55910579 2.13398077 -0.11720279
v 1.59299672 2.12845766 -0.16620806
v 1.58229601 2.10187045 -0.12115461
v 1.53670544 2.14033798 -0.08131238
v 1.46872122 2.19048187 -0.01979687
v 1.64117198 2.05464904 -0.18606145
v 0.17270176 2.25236956 -0.03183050
v 0.18195683 2.23442186 -0.06880639
v 0.18691128 2.22022999 -0.03998151
v 0.20585945 2.22731326 -0.09244098
v 0.21597221 2.20377650 -0.08652414
v 0.19627225 2.20228564 -0.06269815
v 1.64117198 2.05464904 -0.18606145
v 1.66318100 2.08236017 -0.18153450
v 1.64117198 2.05464904 -0.18606145
v 0.40883394 2.24140137 0.05709104
v 0.30411892 2.21748054 0.01402516
v 0.40037618 2.26800237 0.08020516
v 0.29358182 2.24215854 0.03738105
v 0.22144131 2.18667090 -0.00915071
v 0.29520814 2.24534963 -0.11203559
v 0.28237482 2.27721073 -0.12117120
v 0.39383280 2.28832067 -0.15513958
v 0.21291962 2.20523123 0.00744383
v 0.18629237 2.22086161 -0.00746899
v 0.19869450 2.19470952 -0.02842866
v 0.38314748 2.32188889 -0.16353868
v 0.52011809 2.33066474 -0.19881706
v 1.53670544 2.14033798 -0.08131238
v 1.48642194 2.21529566 -0.00155843
v 1.46872122 2.19048187 -0.01979687
v 1.55672301 2.16287319 -0.06409863
v 1.58229601 2.10187045 -0.12115461
v 1.60151403 2.12283694 -0.10731975
v 1.13680428 2.40040963 -0.29163040
v 1.13154156 2.36336031 -0.28540431
v 1.66318100 2.08236017 -0.18153450
v 1.64117198 2.05464904 -0.18606145
v 0.51250816 2.36614552 -0.20623732
v 0.59409835 2.34747791 -0.21708316
v 1.47311147 2.22428051 -0.24700313
v 1.47814862 2.25735084 -0.20045675
v 1.48898587 2.25491916 -0.25568620
v 1.50061036 2.29921957 -0.20812793
v 1.47814862 2.25735084 -0.20045675
v 1.50061036 2.29921957 -0.20812793
v 1.22584654 2.34008358 -0.28969777
v 1.21161658 2.40433496 -0.19365038
v 1.23214126 2.37695241 -0.29608478
v 1.22014685 2.45456231 -0.19854834
v 1.21161658 2.40433496 -0.19365038
v 1.13680428 2.40040963 -0.29163040
v 1.22014685 2.45456231 -0.19854834
v 1.13154156 2.36336031 -0.28540431
v 0.66810474 2.43330692 -0.19796571
v 0.67272093 2.39108113 -0.19011315
v 0.58885496 2.38376335 -0.22425108
v 0.66810474 2.43330692 -0.19796571
v 0.92872698 2.43047308 0.05042741
v 0.97829290 2.35699657 0.15272330
v 0.93202870 2.47708931 0.07488430
v 0.97573502 2.32494398 0.13153025
v 0.92872698 2.43047308 0.05042741
v 0.88552423 2.35635228 0.15520147
v 0.88296449 2.32453551 0.13376147
v 0.93202870 2.47708931 0.07488430
v 1.30637400 2.34600604 0.01388139
v 1.34177934 2.27268729 0.08623874
v 1.31930970 2.38942634 0.03798112
v 1.33136446 2.24279780 0.06617557
v 1.30637400 2.34600604 0.01388139
v 1.25373863 2.29173339 0.10666971
v 1.24456380 2.26128492 0.08664456
v 1.31930970 2.38942634 0.03798112
v 1.24456380 2.26128492 0.08664456
v 1.25373863 2.29173339 0.10666971
v 0.58236751 2.12608611 0.42775227
v 0.42921375 2.31411027 0.34854008
v 0.49829911 2.27043161 0.52268548
v 0.60739112 2.06828897 0.51819011
v 0.65149986 1.96713785 0.44202916
v 0.51446725 2.17407717 0.28199586
v 0.52314815 2.19975130 0.62603560
v 0.35690095 2.32791918 0.18989264
v 0.42735133 2.20281239 0.13574026
v 0.58738026 2.05535664 0.28752060
v 0.53904564 2.11855582 0.25904719
v 0.42921375 2.31411027 0.34854008
v 0.35690095 2.32791918 0.18989264
v 0.26981055 2.26564778 0.40249876
v 0.34367137 2.23147997 0.55309739
v 0.49829911 2.27043161 0.52268548
v 0.17451284 2.18991672 0.52245185
v 0.12785820 2.22937240 0.26566529
v 0.16183787 2.21936626 0.43580071
v 0.16135004 2.17773857 0.42418125
v 0.12785820 2.22937240 0.26566529
v 0.13001180 2.18707285 0.25777032
v 0.17123204 2.14904712 0.50577577
v 0.17451284 2.18991672 0.52245185
v 0.16183787 2.21936626 0.43580071
v 0.18749146 2.22835727 0.00505333
v 0.28163274 2.28063669 0.07042505
v 0.22727787 2.24811435 -0.01705012
v 0.21064614 2.25127618 0.09743505
v 0.17094363 2.21179034 0.03937438
v 0.30556398 2.13105250 0.04714637
v 0.39155437 2.15759985 0.14374973
v 0.28589575 2.16941181 0.06237162
v 0.43585906 2.07670945 0.10875701
v 0.50420165 2.08286996 0.26230910
v 0.47700820 2.12924237 0.28385604
v 0.47582784 2.06034593 0.15717919
v 0.33694585 2.27284002 0.18972809
v 0.21661166 2.20784303 -0.00911628
v 0.22748255 2.17375718 -0.01135747
v 0.25572793 2.15229765 -0.00012697
v 0.16789199 2.21925936 0.11283087
v 0.21971830 2.27773617 0.23690258
v 0.35959354 2.17007638 0.64690304
v 0.20399350 2.14945243 0.62437556
v 0.21069443 2.13376299 0.65105674
v 0.25154441 2.00572904 0.80664753
v 0.39713988 2.05517110 0.80835381
v 0.52314815 2.19975130 0.62603560
v 0.56830775 2.09238880 0.79824040
v 0.31821015 2.21246239 0.04502774
v 0.28163274 2.28063669 0.07042505
v 0.33205515 2.16002203 0.03284801
v 0.50578052 2.09130067 0.15276837
v 0.46480177 2.10778731 0.10150107
v 0.25099947 2.20544115 -0.02588887
v 0.22727787 2.24811435 -0.01705012
v 0.27436330 2.17447151 -0.01101306
v 0.62677758 2.01468000 0.36146363
v 0.55750827 2.02417838 0.29013271
v 0.58738026 2.05535664 0.28752060
v 0.59498190 1.98396555 0.35860990
v 0.50420165 2.08286996 0.26230910
v 0.65149986 1.96713785 0.44202916
v 0.61917240 1.93781665 0.43635940
v 0.25640843 1.94305327 0.81463493
v 0.38469147 2.00564280 0.78047634
v 0.39835796 1.94985099 0.86106965
v 0.24639643 1.96870078 0.78484117
v 0.34699880 2.11690345 0.62264469
v 0.49589151 2.14952470 0.60729105
v 0.54110293 2.04677951 0.77618262
v 0.57159853 1.97896767 0.88899750
v 0.29855024 1.85061764 0.93128205
v 0.28724442 1.87681723 0.89929876
v 0.64015482 1.95695755 0.68278917
v 0.56830775 2.09238880 0.79824040
v 0.66288654 1.88682580 0.54102036
v 0.66381074 1.89036127 0.80017959
v 0.59984378 2.02285383 0.91446703
v 0.43223244 1.93777285 0.96830101
v 0.60875299 1.97930499 0.96500636
v 0.41022445 1.99847758 0.89196292
v 0.60149180 1.91333755 0.99895987
v 0.30429394 1.88366599 0.95767080
v 0.44122008 1.88510078 0.99987321
v 0.29271096 1.91174853 0.92381909
v 0.56598592 1.73747703 1.05633194
v 0.37429526 1.74466404 1.03708420
v 0.45298599 1.75135541 1.05250793
v 0.32597599 1.84294521 0.98752006
v 0.50444813 1.46455480 1.13216217
v 0.49641435 1.43928150 1.13439110
v 0.55833980 1.50411218 1.04641744
v 0.52211075 1.54609089 1.10802583
v 0.59543317 1.56398001 0.99204422
v 0.57394314 1.55676133 1.04093950
v 0.64403885 1.64646223 0.90509185
v 0.62283883 1.69006489 0.96975284
v 0.56598592 1.73747703 1.05633194
v 0.26193573 1.97899971 0.83783408
v 0.67081135 1.85168251 0.85206105
v 0.59984378 2.02285383 0.91446703
v 0.60875299 1.97930499 0.96500636
v 0.60149180 1.91333755 0.99895987
v 0.66135549 1.80566586 0.89261940
v 0.69384649 1.74309720 0.76787465
v 0.67829574 1.82211396 0.64179700
v 0.68811127 1.77786142 0.71543547
v 0.67827492 1.70792729 0.82219539
v 0.61076195 1.63022853 0.88737959
v 0.64469930 1.68817692 0.80718042
v 0.67827492 1.70792729 0.82219539
v 0.64403885 1.64646223 0.90509185
v 0.66026021 1.72009614 0.75505113
v 0.69384649 1.74309720 0.76787465
v 0.62677758 2.01468000 0.36146363
v 0.45597279 1.59933078 1.09841616
v 0.52211075 1.54609089 1.10802583
v 0.41500581 1.62908654 1.07995130
v 0.43942267 1.54736047 1.10487665
v 0.50444813 1.46455480 1.13216217
v 0.49641435 1.43928150 1.13439110
v 0.26484786 2.20920963 0.38857484
v 0.13001180 2.18707285 0.25777032
v 0.21811950 2.22018360 0.22825010
v 0.17123204 2.14904712 0.50577577
v 0.16135004 2.17773857 0.42418125
v 0.33694585 2.27284002 0.18972809
v 0.40672701 2.26018334 0.34232645
v 0.21522890 2.19491198 0.09680199
v 0.26630899 2.22644712 0.07910764
v 0.33270956 2.17561850 0.53232326
v 0.17504236 2.17815041 0.11073810
v 0.64531392 1.79507413 0.63297128
v 0.68811127 1.77786142 0.71543547
v 0.65477062 1.75232717 0.70468875
v 0.67829574 1.82211396 0.64179700
v 0.20616101 2.09439096 0.63184155
v 0.25154441 2.00572904 0.80664753
v 0.21069443 2.13376299 0.65105674
v 0.20032807 2.10851689 0.60778321
v 0.24639643 1.96870078 0.78484117
v 0.20399350 2.14945243 0.62437556
v 0.30429394 1.88366599 0.95767080
v 0.28724442 1.87681723 0.89929876
v 0.29855024 1.85061764 0.93128205
v 0.29271096 1.91174853 0.92381909
v 0.32597599 1.84294521 0.98752006
v 0.56279539 1.55126942 0.97220603
v 0.59543317 1.56398001 0.99204422
v 0.66026021 1.72009614 0.75505113
v 0.62149009 1.85338740 0.78329080
v 0.65477062 1.75232717 0.70468875
v 0.61903223 1.77739631 0.86944176
v 0.62829535 1.81860920 0.83208455
v 0.64469930 1.68817692 0.80718042
v 0.53759576 1.70773207 1.02009222
v 0.57262257 1.87792532 0.96593414
v 0.57159853 1.97896767 0.88899750
v 0.57994812 1.93901002 0.93572893
v 0.58058263 1.66613977 0.94292385
v 0.47209114 2.21751870 0.50808331
v 0.54209111 2.08151357 0.42158938
v 0.40672701 2.26018334 0.34232645
v 0.61917240 1.93781665 0.43635940
v 0.56637204 2.02591771 0.50808750
v 0.47209114 2.21751870 0.50808331
v 0.55750827 2.02417838 0.29013271
v 0.49589151 2.14952470 0.60729105
v 0.19200048 2.18656082 0.00593041
v 0.17561633 2.18120571 0.03890427
v 0.21661166 2.20784303 -0.00911628
v 0.20032807 2.10851689 0.60778321
v 0.20616101 2.09439096 0.63184155
v 0.33205515 2.16002203 0.03284801
v 0.43585906 2.07670945 0.10875701
v 0.30556398 2.13105250 0.04714637
v 0.46480177 2.10778731 0.10150107
v 0.47582784 2.06034593 0.15717919
v 0.25572793 2.15229765 -0.00012697
v 0.27436330 2.17447151 -0.01101306
v 0.50578052 2.09130067 0.15276837
v 0.26630899 2.22644712 0.07910764
v 0.59498190 1.98396555 0.35860990
v 0.32040351 1.81319355 0.95893357
v 0.42020590 1.89369745 0.93346898
v 0.42935880 1.84583939 0.96185364
v 0.57262257 1.87792532 0.96593414
v 0.57994812 1.93901002 0.93572893
v 0.36857098 1.71856745 1.00595847
v 0.53759576 1.70773207 1.02009222
v 0.44078473 1.71658504 1.01103585
v 0.63022408 1.85908431 0.53324391
v 0.59867236 1.91780065 0.66908760
v 0.54110293 2.04677951 0.77618262
v 0.53089964 1.49270543 1.02686497
v 0.49404101 1.52047542 1.06938469
v 0.53278576 1.53749339 1.01138099
v 0.56279539 1.55126942 0.97220603
v 0.61076195 1.63022853 0.88737959
v 0.64531392 1.79507413 0.63297128
v 0.44377646 1.56961209 1.05474831
v 0.49404101 1.52047542 1.06938469
v 0.40925588 1.60667352 1.04701275
v 0.43193069 1.52808023 1.07456257
v 0.47506164 1.42068029 1.10434179
v 0.22727787 2.24811435 -0.01705012
v 0.25099947 2.20544115 -0.02588887
v 0.21661166 2.20784303 -0.00911628
v 0.19200048 2.18656082 0.00593041
v 0.18749146 2.22835727 0.00505333
v 0.22748255 2.17375718 -0.01135747
v 0.47506164 1.42068029 1.10434179
v 0.55833980 1.50411218 1.04641744
v 0.47506164 1.42068029 1.10434179
v 0.53089964 1.49270543 1.02686497
v 0.49641435 1.43928150 1.13439110
v 0.16789199 2.21925936 0.11283087
v 0.17504236 2.17815041 0.11073810
v 0.17094363 2.21179034 0.03937438
v 0.17561633 2.18120571 0.03890427
v 0.36857098 1.71856745 1.00595847
v 0.41500581 1.62908654 1.07995130
v 0.37429526 1.74466404 1.03708420
v 0.40925588 1.60667352 1.04701275
v 0.32040351 1.81319355 0.95893357
v 0.43942267 1.54736047 1.10487665
v 0.66288654 1.88682580 0.54102036
v 0.63022408 1.85908431 0.53324391
v 0.43193069 1.52808023 1.07456257
v 0.49641435 1.43928150 1.13439110
v 0.47506164 1.42068029 1.10434179
v 0.64531392 1.79507413 0.63297128
v 0.59867236 1.91780065 0.66908760
v 0.67829574 1.82211396 0.64179700
v 0.64015482 1.95695755 0.68278917
v 0.59867236 1.91780065 0.66908760
v 0.66288654 1.88682580 0.54102036
v 0.64015482 1.95695755 0.68278917
v 0.63022408 1.85908431 0.53324391
v 0.53904564 2.11855582 0.25904719
v 0.50420165 2.08286996 0.26230910
v 0.53904564 2.11855582 0.25904719
v 0.20399350 2.14945243 0.62437556
v 0.33270956 2.17561850 0.53232326
v 0.20032807 2.10851689 0.60778321
v 0.34367137 2.23147997 0.55309739
v 0.17123204 2.14904712 0.50577577
v 0.33270956 2.17561850 0.53232326
v 0.17451284 2.18991672 0.52245185
v 0.34367137 2.23147997 0.55309739
v 0.29271096 1.91174853 0.92381909
v 0.39835796 1.94985099 0.86106965
v 0.28724442 1.87681723 0.89929876
v 0.41022445 1.99847758 0.89196292
v 0.25640843 1.94305327 0.81463493
v 0.39835796 1.94985099 0.86106965
v 0.26193573 1.97899971 0.83783408
v 0.41022445 1.99847758 0.89196292
v 0.26193573 1.97899971 0.83783408
v 0.25640843 1.94305327 0.81463493
v -0.02625212 2.36219728 -0.33828075
v -0.25952619 2.21309906 -0.37311243
v -0.15225522 2.25676653 -0.24276089
v -0.03573817 2.27062870 -0.11147539
v 0.07256138 2.36819983 -0.19088028
v -0.33623590 2.12059451 -0.28657278
v -0.27031447 2.15845873 -0.22328829
v -0.39293524 2.06754656 -0.35719630
v -0.13763077 2.31958649 -0.49731847
v -0.19443919 2.21027323 -0.20937712
v -0.15768460 2.18103566 -0.10379873
v -0.32260041 2.14744492 -0.45209248
v -0.01934250 2.20216198 -0.54013701
v -0.02625212 2.36219728 -0.33828075
v 0.08823199 2.22865047 -0.40374584
v -0.20830040 2.23776831 -0.58736749
v -0.13763077 2.31958649 -0.49731847
v 0.07256138 2.36819983 -0.19088028
v 0.16734846 2.24386455 -0.24661277
v 0.12150945 2.08436067 -0.52357954
v 0.22494923 2.14478282 -0.27918243
v 0.16055974 2.12388059 -0.44299248
v 0.14512752 2.07961930 -0.42571733
v 0.12150945 2.08436067 -0.52357954
v 0.16055974 2.12388059 -0.44299248
v 0.22494923 2.14478282 -0.27918243
v 0.20619200 2.10042560 -0.26520970
v 0.10980538 2.04041863 -0.50170753
v 0.21526790 2.20944621 -0.01299686
v 0.14108202 2.29986869 -0.07429637
v 0.19146854 2.25248598 0.01086527
v 0.18821254 2.23140065 -0.10533268
v 0.21725779 2.17862763 -0.04674463
v 0.21059355 2.17453372 -0.12116903
v -0.02406242 2.20350531 -0.11732641
v -0.02794338 2.29363946 -0.32723254
v 0.06703855 2.29862259 -0.18539187
v -0.09295874 2.13985015 -0.06615084
v -0.14456817 2.13277173 -0.10737136
v 0.05915301 2.14971174 -0.02759999
v 0.09084314 2.18071006 -0.05035137
v 0.12161020 2.15751491 0.01065220
v 0.15837519 2.16997862 0.01555204
v -0.07628974 2.12791695 -0.62302360
v -0.18746223 1.99458882 -0.76322067
v -0.32498967 2.11458396 -0.73841806
v 0.05985860 2.03807487 -0.61586681
v 0.04245322 2.01989415 -0.63943589
v 0.08300365 2.24526599 -0.03532494
v 0.14108202 2.29986869 -0.07429637
v 0.05002521 2.19569486 -0.01432381
v 0.11610241 2.19195858 0.02056533
v 0.15315032 2.21763253 0.02833697
v 0.19146854 2.25248598 0.01086527
v -0.10461669 2.18821522 -0.05988412
v -0.33623590 2.12059451 -0.28657278
v -0.25705739 2.11025310 -0.22503210
v -0.27031447 2.15845873 -0.22328829
v -0.17872024 2.15476231 -0.21171984
v -0.32009475 2.07283964 -0.28317077
v -0.19443919 2.21027323 -0.20937712
v -0.39293524 2.06754656 -0.35719630
v -0.37522924 2.02150104 -0.35125013
v -0.08382279 1.83469768 -0.74537756
v -0.19264218 1.93863756 -0.73007667
v -0.10904252 1.80660620 -0.77027377
v 0.03296590 1.97740833 -0.61539259
v -0.08352455 2.06735491 -0.59298887
v -0.24286041 1.87150541 -0.80086832
v -0.31610350 2.05538984 -0.71332041
v -0.39229165 1.97787624 -0.81252149
v -0.42506261 1.93077851 -0.85246378
v -0.29924512 1.80890136 -0.86251163
v -0.20830040 2.23776831 -0.58736749
v -0.32498967 2.11458396 -0.73841806
v -0.42844233 2.01541039 -0.59647221
v -0.49869153 1.93545374 -0.70118626
v -0.45478027 1.96968561 -0.44314075
v -0.40344805 2.03514103 -0.84065013
v -0.29722082 1.85763151 -0.90186215
v -0.43892348 1.98378269 -0.88381470
v -0.23805948 1.92575272 -0.83695362
v -0.46650544 1.90291316 -0.90925881
v -0.17419672 1.77240320 -0.87025754
v -0.20258534 1.74174275 -0.89866698
v -0.33342156 1.79909844 -0.92489376
v -0.24487146 1.70235861 -0.92016768
v -0.41057845 1.64955393 -0.95728778
v -0.51968568 1.68493729 -0.94601570
v -0.59410799 1.34570221 -0.99067682
v -0.59805708 1.31394253 -0.99031901
v -0.61124773 1.42636825 -0.90464841
v -0.60982946 1.51708726 -0.85458553
v -0.60185064 1.49214067 -0.90469637
v -0.57096393 1.44694293 -0.97594460
v -0.51968568 1.68493729 -0.94601570
v -0.07634467 1.87449999 -0.77159974
v -0.10261273 1.84518344 -0.79768646
v -0.53057624 1.88838470 -0.74658400
v -0.40344805 2.03514103 -0.84065013
v -0.43892348 1.98378269 -0.88381470
v -0.46650544 1.90291316 -0.90925881
v -0.54873694 1.82747435 -0.78161947
v -0.58360873 1.79195686 -0.64512851
v -0.57671238 1.67144857 -0.84673969
v -0.59393314 1.73815343 -0.69606436
v -0.51388247 1.89053400 -0.53255829
v -0.55445707 1.83537773 -0.59848611
v -0.60353675 1.64273180 -0.77393187
v -0.56937751 1.70345496 -0.68230067
v -0.59393314 1.73815343 -0.69606436
v -0.57727802 1.61243625 -0.75793967
v -0.56081610 1.75335336 -0.63309341
v -0.58360873 1.79195686 -0.64512851
v -0.60982946 1.51708726 -0.85458553
v -0.58227186 1.49127100 -0.83689497
v -0.48646359 1.47693413 -0.98147684
v -0.57096393 1.44694293 -0.97594460
v -0.43335301 1.49382981 -0.97201618
v -0.49487944 1.41133298 -0.98261035
v -0.59410799 1.34570221 -0.99067682
v -0.33942556 1.60882887 -0.95017936
v -0.60353675 1.64273180 -0.77393187
v -0.59805708 1.31394253 -0.99031901
v 0.14557528 2.18114891 -0.23020576
v -0.02794338 2.29363946 -0.32723254
v 0.07089528 2.16641949 -0.38264422
v 0.20619200 2.10042560 -0.26520970
v 0.18681641 2.13288740 -0.11254946
v -0.02981193 2.13886539 -0.51300307
v 0.06703855 2.29862259 -0.18539187
v 0.10980538 2.04041863 -0.50170753
v 0.14512752 2.07961930 -0.42571733
v 0.15996286 2.17160061 -0.09634486
v 0.13021869 2.23205295 -0.07718798
v -0.55445707 1.83537773 -0.59848611
v -0.49406025 1.84716994 -0.52386710
v -0.51388247 1.89053400 -0.53255829
v -0.53333221 1.79379194 -0.58813558
v 0.05985860 2.03807487 -0.61586681
v 0.04846069 1.99387374 -0.59411359
v 0.04245322 2.01989415 -0.63943589
v 0.03296590 1.97740833 -0.61539259
v -0.08382279 1.83469768 -0.74537756
v -0.07634467 1.87449999 -0.77159974
v -0.17419672 1.77240320 -0.87025754
v -0.18001893 1.73516612 -0.84166491
v -0.20258534 1.74174275 -0.89866698
v -0.20702581 1.70672819 -0.86851047
v -0.61124773 1.42636825 -0.90464841
v -0.58789388 1.40429851 -0.88681861
v -0.51850071 1.78065899 -0.75957516
v -0.56081610 1.75335336 -0.63309341
v -0.56937751 1.70345496 -0.68230067
v -0.57727802 1.61243625 -0.75793967
v -0.54404251 1.62998292 -0.82166002
v -0.50047250 1.64475631 -0.90915852
v -0.44984454 1.85580630 -0.87486665
v -0.47327713 1.87813382 -0.68418580
v -0.53333221 1.79379194 -0.58813558
v -0.50277850 1.83572437 -0.72707759
v -0.39229165 1.97787624 -0.81252149
v -0.42506261 1.93077851 -0.85246378
v -0.20192033 2.17298048 -0.56492961
v -0.13406780 2.25170462 -0.47850352
v -0.13785191 2.19021888 -0.24274408
v -0.24107422 2.14675629 -0.36548341
v -0.13406780 2.25170462 -0.47850352
v -0.25705739 2.11025310 -0.22503210
v -0.32009475 2.07283964 -0.28317077
v -0.37522924 2.02150104 -0.35125013
v -0.30185180 2.08377170 -0.44093803
v -0.17872024 2.15476231 -0.21171984
v 0.19308047 2.16540527 -0.00754143
v 0.18248538 2.20219512 0.00732690
v 0.19996772 2.14718860 -0.04148784
v 0.04846069 1.99387374 -0.59411359
v 0.05002521 2.19569486 -0.01432381
v -0.09295874 2.13985015 -0.06615084
v 0.05915301 2.14971174 -0.02759999
v 0.11610241 2.19195858 0.02056533
v -0.10461669 2.18821522 -0.05988412
v -0.14456817 2.13277173 -0.10737136
v 0.13021869 2.23205295 -0.07718798
v 0.18248538 2.20219512 0.00732690
v -0.20702581 1.70672819 -0.86851047
v -0.33298035 1.75620992 -0.88302336
v -0.24767390 1.67137351 -0.88826439
v -0.50047250 1.64475631 -0.90915852
v -0.40730578 1.61196295 -0.91264688
v -0.34008361 1.58217069 -0.91627624
v -0.18001893 1.73516612 -0.84166491
v -0.44984454 1.85580630 -0.87486665
v -0.20192033 2.17298048 -0.56492961
v -0.40527391 1.95559601 -0.58223969
v -0.31610350 2.05538984 -0.71332041
v -0.49406025 1.84716994 -0.52386710
v -0.43572951 1.92553869 -0.43535820
v -0.58789388 1.40429851 -0.88681861
v -0.54985564 1.41180395 -0.93723688
v -0.56770858 1.45669937 -0.87742250
v -0.58227186 1.49127100 -0.83689497
v -0.48064874 1.44522576 -0.93535393
v -0.54985564 1.41180395 -0.93723688
v -0.43209414 1.47147965 -0.93682523
v -0.49114716 1.39124761 -0.95066646
v -0.58150673 1.28828217 -0.96034476
v 0.15315032 2.21763253 0.02833697
v 0.15837519 2.16997862 0.01555204
v 0.18248538 2.20219512 0.00732690
v 0.12161020 2.15751491 0.01065220
v 0.19146854 2.25248598 0.01086527
v -0.58150673 1.28828217 -0.96034476
v -0.59805708 1.31394253 -0.99031901
v -0.58150673 1.28828217 -0.96034476
v 0.21059355 2.17453372 -0.12116903
v 0.18681641 2.13288740 -0.11254946
v 0.21725779 2.17862763 -0.04674463
v 0.19308047 2.16540527 -0.00754143
v 0.19996772 2.14718860 -0.04148784
v -0.34008361 1.58217069 -0.91627624
v -0.43209414 1.47147965 -0.93682523
v -0.43335301 1.49382981 -0.97201618
v -0.49114716 1.39124761 -0.95066646
v -0.49487944 1.41133298 -0.98261035
v -0.33942556 1.60882887 -0.95017936
v -0.24487146 1.70235861 -0.92016768
v -0.24767390 1.67137351 -0.88826439
v -0.45478027 1.96968561 -0.44314075
v -0.43572951 1.92553869 -0.43535820
v -0.59805708 1.31394253 -0.99031901
v -0.58150673 1.28828217 -0.96034476
v 0.21526790 2.20944621 -0.01299686
v -0.49406025 1.84716994 -0.52386710
v -0.40527391 1.95559601 -0.58223969
v -0.51388247 1.89053400 -0.53255829
v -0.42844233 2.01541039 -0.59647221
v -0.45478027 1.96968561 -0.44314075
v -0.40527391 1.95559601 -0.58223969
v -0.43572951 1.92553869 -0.43535820
v -0.42844233 2.01541039 -0.59647221
v -0.15768460 2.18103566 -0.10379873
v -0.17872024 2.15476231 -0.21171984
v -0.19443919 2.21027323 -0.20937712
v 0.05985860 2.03807487 -0.61586681
v -0.02981193 2.13886539 -0.51300307
v 0.04846069 1.99387374 -0.59411359
v -0.01934250 2.20216198 -0.54013701
v -0.01934250 2.20216198 -0.54013701
v 0.12150945 2.08436067 -0.52357954
v -0.02981193 2.13886539 -0.51300307
v 0.10980538 2.04041863 -0.50170753
v -0.17419672 1.77240320 -0.87025754
v -0.24286041 1.87150541 -0.80086832
v -0.18001893 1.73516612 -0.84166491
v -0.23805948 1.92575272 -0.83695362
v -0.24286041 1.87150541 -0.80086832
v -0.10261273 1.84518344 -0.79768646
v -0.10904252 1.80660620 -0.77027377
v -0.23805948 1.92575272 -0.83695362
v -0.10261273 1.84518344 -0.79768646
v -0.10904252 1.80660620 -0.77027377
v -0.22975432 2.51025221 0.34473098
v -0.18967421 2.38023046 0.12012551
v -0.33596104 2.39533520 0.21381349
v -0.07207782 2.48516629 0.22631426
v -0.14275737 2.28765048 0.01842808
v -0.23151317 2.33415104 0.08574814
v -0.34079181 2.47145368 0.42194949
v -0.31889689 2.30255238 0.08478114
v -0.40700347 2.29659937 0.12934646
v -0.04215360 2.33518425 0.03519772
v -0.01785212 2.35840695 0.35366778
v -0.07207782 2.48516629 0.22631426
v -0.22975432 2.51025221 0.34473098
v -0.16169465 2.39148306 0.44901870
v -0.05655748 2.25131640 0.50637844
v 0.01178420 2.25850714 0.43667341
v 0.12165352 2.21976543 0.30309081
v 0.10239903 2.31367647 0.23233943
v 0.06142996 2.43114735 0.12246514
v -0.34079181 2.47145368 0.42194949
v -0.25611522 2.35536636 0.52254327
v -0.17801126 2.23775541 0.60068369
v -0.15078541 2.24505511 0.58082268
v -0.07262743 2.20566502 0.49209707
v 0.01178420 2.25850714 0.43667341
v -0.05655748 2.25131640 0.50637844
v -0.00908289 2.21452823 0.42544599
v 0.09677447 2.17722653 0.29381325
v 0.19742080 2.24335399 0.00217309
v 0.15723131 2.25757397 0.11235328
v 0.20199406 2.20557395 0.04141553
v 0.13946434 2.32128184 0.05320893
v 0.15916058 2.20470595 0.14680283
v 0.18674909 2.18594111 0.07981856
v 0.03798418 2.18065474 0.01625241
v -0.05003486 2.27163788 0.05919533
v -0.09317178 2.23071221 0.02280709
v -0.14554833 2.23700516 0.03853463
v -0.08809767 2.41771768 0.23069413
v -0.19327318 2.31506060 0.13951559
v 0.06905066 2.21089981 0.04080613
v 0.10836590 2.16612257 0.00012022
v 0.04007557 2.36500762 0.13090167
v -0.43156743 2.28956115 0.64369208
v -0.36141374 2.15959676 0.71458933
v 0.06142996 2.43114735 0.12246514
v 0.08234604 2.26871632 0.01022433
v 0.15778031 2.21215244 -0.01888351
v 0.11474952 2.19665412 -0.01837493
v 0.13946434 2.32128184 0.05320893
v 0.04487159 2.22171079 -0.00906511
v -0.08832485 2.28265431 0.00125623
v -0.31936630 2.25536078 0.10137298
v -0.40700347 2.29659937 0.12934646
v -0.31889689 2.30255238 0.08478114
v -0.40327450 2.24784649 0.14207280
v -0.49243509 2.27686259 0.18703917
v 0.19742080 2.24335399 0.00217309
v -0.44156355 2.22821754 0.62386883
v -0.40868139 2.10096367 0.71747587
v -0.52462039 2.19414175 0.68696034
v -0.37131913 2.11585534 0.69680503
v -0.52172425 2.35476789 0.54193089
v -0.34524789 2.40286848 0.41772221
v -0.27004292 2.29093393 0.50590714
v -0.19106077 2.19246445 0.58482373
v -0.60412860 2.30293887 0.40630229
v -0.52174511 2.41928862 0.54899916
v -0.43280493 2.36724577 0.27983532
v -0.49243509 2.27686259 0.18703917
v -0.59825396 2.22024097 0.26694187
v -0.71831439 2.27004958 0.49670665
v -0.64273397 2.38759254 0.63429471
v -0.60620867 2.21964509 0.76467935
v -0.64273397 2.38759254 0.63429471
v -0.70053795 2.35784181 0.67344854
v -0.75369291 2.29382121 0.70544687
v -0.66100429 2.17745841 0.78669684
v -0.54710344 2.09316123 0.81857433
v -0.50518587 2.10890841 0.79516452
v -0.51621501 2.25479469 0.70973100
v -0.52174511 2.41928862 0.54899916
v -0.72198831 2.00662963 0.84975613
v -0.60224319 2.06962150 0.83296075
v -0.86863190 2.10840624 0.76950076
v -0.77954382 2.05938682 0.82375817
v -1.03634167 1.81477904 0.86044165
v -1.00813778 1.86890528 0.75808730
v -1.04800165 1.78545579 0.86579023
v -0.98504126 1.90184131 0.83232297
v -0.98267067 1.92921978 0.74677816
v -0.96999975 1.93964519 0.69266827
v -0.86863190 2.10840624 0.76950076
v -0.89779366 2.07698082 0.66248835
v -0.91006896 2.03360410 0.59311301
v -0.40038656 2.14407776 0.73627424
v -0.77230535 2.24435830 0.53815572
v -0.75369291 2.29382121 0.70544687
v -0.70053795 2.35784181 0.67344854
v -0.81426045 2.20026111 0.57768557
v -0.81830658 2.13351322 0.44870614
v -0.85553369 2.09933219 0.50385762
v -0.76743970 2.15588490 0.40601236
v -0.69771032 2.18176188 0.34682516
v -0.91006896 2.03360410 0.59311301
v -0.83783716 2.05842459 0.50699156
v -0.88906111 1.99590397 0.59379786
v -0.85553369 2.09933219 0.50385762
v -0.96999975 1.93964519 0.69266827
v -0.80371378 2.08973305 0.45370105
v -0.90054106 1.91699989 0.85878688
v -0.98504126 1.90184131 0.83232297
v -0.84438808 1.92095559 0.86397854
v -0.92537766 1.85701676 0.87146721
v -1.03634167 1.81477904 0.86044165
v -1.04800165 1.78545579 0.86579023
v 0.07070905 2.25367247 0.22386655
v 0.11824840 2.20357961 0.10790231
v 0.12885177 2.16713473 0.14017830
v -0.08809767 2.41771768 0.23069413
v 0.04007557 2.36500762 0.13090167
v -0.04401923 2.29673496 0.34224969
v -0.23860389 2.44028828 0.34357592
v 0.09677447 2.17722653 0.29381325
v -0.00908289 2.21452823 0.42544599
v -0.07262743 2.20566502 0.49209707
v -0.18011353 2.32587473 0.43457426
v -0.68800068 2.13497950 0.35495104
v -0.76743970 2.15588490 0.40601236
v -0.69771032 2.18176188 0.34682516
v -0.75561474 2.11007202 0.41265688
v -0.81830658 2.13351322 0.44870614
v -0.16667029 2.19914054 0.56680874
v -0.15078541 2.24505511 0.58082268
v -0.17801126 2.23775541 0.60068369
v -0.36141374 2.15959676 0.71458933
v -0.19106077 2.19246445 0.58482373
v -0.50518587 2.10890841 0.79516452
v -0.54710344 2.09316123 0.81857433
v -0.51225256 2.06661035 0.77518979
v -0.60224319 2.06962150 0.83296075
v -0.55189431 2.05226537 0.79713370
v -0.94618108 1.90544759 0.69123943
v -1.00813778 1.86890528 0.75808730
v -0.80371378 2.08973305 0.45370105
v -0.75460910 2.18431798 0.54104403
v -0.83783716 2.05842459 0.50699156
v -0.70470194 2.20675857 0.50213030
v -0.79211853 2.14456913 0.57776668
v -0.63928603 2.32362074 0.62477282
v -0.69261366 2.29648293 0.66092825
v -0.74083712 2.23665179 0.68976637
v -0.85096899 2.05660478 0.75088078
v -0.87120105 2.02502903 0.65941414
v -0.88906111 1.99590397 0.59379786
v -0.23860389 2.44028828 0.34357592
v -0.33367011 2.32745967 0.22751406
v -0.23172426 2.27982532 0.10531187
v -0.31936630 2.25536078 0.10137298
v -0.34524789 2.40286848 0.41772221
v -0.42673880 2.30046845 0.29047472
v 0.17530286 2.19857972 0.01350497
v 0.11131276 2.26014554 0.06717903
v 0.16413894 2.15782430 0.07618374
v 0.17168350 2.16638408 0.03874776
v -0.16667029 2.19914054 0.56680874
v -0.08832485 2.28265431 0.00125623
v -0.14554833 2.23700516 0.03853463
v -0.14275737 2.28765048 0.01842808
v 0.04487159 2.22171079 -0.00906511
v -0.09317178 2.23071221 0.02280709
v 0.03798418 2.18065474 0.01625241
v 0.11474952 2.19665412 -0.01837493
v 0.10836590 2.16612257 0.00012022
v 0.11131276 2.26014554 0.06717903
v 0.14698119 2.17005946 0.00505855
v 0.17530286 2.19857972 0.01350497
v -0.40327450 2.24784649 0.14207280
v -0.48612277 2.22871414 0.19757327
v -0.60401005 2.03173120 0.80957291
v -0.60973889 2.16276307 0.73861838
v -0.55189431 2.05226537 0.79713370
v -0.51225256 2.06661035 0.77518979
v -0.63928603 2.32362074 0.62477282
v -0.66006961 2.12492194 0.75785583
v -0.74083712 2.23665179 0.68976637
v -0.69261366 2.29648293 0.66092825
v -0.72011682 1.97186485 0.82429162
v -0.77387490 2.01054827 0.79214787
v -0.85096899 2.05660478 0.75088078
v -0.59399265 2.23848743 0.41407012
v -0.52172425 2.35476789 0.54193089
v -0.58970782 2.17311754 0.27581831
v -0.98722428 1.83892508 0.75431432
v -0.94618108 1.90544759 0.69123943
v -0.95257638 1.88205127 0.74085271
v -0.96382881 1.85392477 0.81152356
v -1.03099104 1.74977459 0.84941087
v -0.68800068 2.13497950 0.35495104
v -0.75561474 2.11007202 0.41265688
v -0.89060916 1.87283117 0.82536488
v -0.96382881 1.85392477 0.81152356
v -0.83928816 1.88954320 0.83702038
v -0.91829449 1.82824373 0.84780993
v -1.03099104 1.74977459 0.84941087
v 0.15778031 2.21215244 -0.01888351
v 0.17530286 2.19857972 0.01350497
v 0.14698119 2.17005946 0.00505855
v 0.19742080 2.24335399 0.00217309
v -0.98722428 1.83892508 0.75431432
v -1.04800165 1.78545579 0.86579023
v -1.03099104 1.74977459 0.84941087
v 0.12165352 2.21976543 0.30309081
v 0.15916058 2.20470595 0.14680283
v 0.12885177 2.16713473 0.14017830
v 0.18674909 2.18594111 0.07981856
v 0.17168350 2.16638408 0.03874776
v 0.20199406 2.20557395 0.04141553
v 0.16413894 2.15782430 0.07618374
v -0.83928816 1.88954320 0.83702038
v -0.72011682 1.97186485 0.82429162
v -0.84438808 1.92095559 0.86397854
v -0.60401005 2.03173120 0.80957291
v -0.72198831 2.00662963 0.84975613
v -0.92537766 1.85701676 0.87146721
v -0.48612277 2.22871414 0.19757327
v -0.59825396 2.22024097 0.26694187
v -1.04800165 1.78545579 0.86579023
v -0.91829449 1.82824373 0.84780993
v -1.03099104 1.74977459 0.84941087
v -0.58970782 2.17311754 0.27581831
v -0.59399265 2.23848743 0.41407012
v -0.69771032 2.18176188 0.34682516
v -0.60412860 2.30293887 0.40630229
v -0.68800068 2.13497950 0.35495104
v -0.59825396 2.22024097 0.26694187
v -0.59399265 2.23848743 0.41407012
v -0.60412860 2.30293887 0.40630229
v -0.58970782 2.17311754 0.27581831
v -0.23172426 2.27982532 0.10531187
v -0.23151317 2.33415104 0.08574814
v -0.23172426 2.27982532 0.10531187
v -0.23151317 2.33415104 0.08574814
v -0.18011353 2.32587473 0.43457426
v -0.15078541 2.24505511 0.58082268
v -0.16667029 2.19914054 0.56680874
v -0.16169465 2.39148306 0.44901870
v -0.18011353 2.32587473 0.43457426
v -0.07262743 2.20566502 0.49209707
v -0.05655748 2.25131640 0.50637844
v -0.16169465 2.39148306 0.44901870
v -0.52462039 2.19414175 0.68696034
v -0.50518587 2.10890841 0.79516452
v -0.51225256 2.06661035 0.77518979
v -0.51621501 2.25479469 0.70973100
v -0.52462039 2.19414175 0.68696034
v -0.40868139 2.10096367 0.71747587
v -0.40038656 2.14407776 0.73627424
v -0.51621501 2.25479469 0.70973100
v -0.40038656 2.14407776 0.73627424
v -0.37131913 2.11585534 0.69680503
v -0.40868139 2.10096367 0.71747587
v 0.46671182 2.28102898 -0.29863493
v 0.64659445 2.10080446 -0.31429108
v 0.58350489 2.22927800 -0.44246977
v 0.35285300 2.30157842 -0.16747571
v 0.53849444 2.15461981 -0.19777119
v 0.67756143 1.99934543 -0.22754500
v 0.72626513 1.94764548 -0.29325174
v 0.61700474 2.04244424 -0.17142322
v 0.69891065 2.03814043 -0.38833102
v 0.41295732 2.18772684 -0.08397347
v 0.55904994 2.10343842 -0.16354640
v 0.44579972 2.17502399 -0.50914539
v 0.46671182 2.28102898 -0.29863493
v 0.58350489 2.22927800 -0.44246977
v 0.49052201 2.10773258 -0.58848807
v 0.35093282 2.05872769 -0.62874058
v 0.33146571 2.21500249 -0.38818149
v 0.63996832 2.15275066 -0.52761617
v 0.27750577 2.12193301 -0.52096704
v 0.23975866 2.15718245 -0.44435784
v 0.35285300 2.30157842 -0.16747571
v 0.23711913 2.23629178 -0.24422674
v 0.15974775 2.17813869 -0.29151835
v 0.23975866 2.15718245 -0.44435784
v 0.27750577 2.12193301 -0.52096704
v 0.23855625 2.11675188 -0.42912588
v 0.27218717 2.08243152 -0.50171823
v 0.15974775 2.17813869 -0.29151835
v 0.14532288 2.20346488 -0.02576188
v 0.25055297 2.25801077 -0.06843054
v 0.19160426 2.22063922 -0.11037206
v 0.17625027 2.22825762 0.00408180
v 0.13986742 2.18280852 -0.06139647
v 0.27596178 2.11339165 -0.02449951
v 0.38348651 2.13914421 -0.09665701
v 0.42115739 2.06542351 -0.04302110
v 0.21387567 2.13413257 0.00524804
v 0.25900817 2.14857701 -0.04826338
v 0.47380235 2.04860159 -0.07701469
v 0.33691784 2.24520583 -0.16707450
v 0.15670861 2.18396802 -0.13334088
v 0.44051758 1.92233197 -0.75380412
v 0.57777199 1.98361616 -0.72138622
v 0.25055297 2.25801077 -0.06843054
v 0.28269729 2.19548009 -0.02735276
v 0.19910573 2.18861047 0.02325411
v 0.22745044 2.15861890 0.01842387
v 0.29573380 2.14557052 -0.00663785
v 0.44509531 2.09932830 -0.03146177
v 0.49949917 2.08223723 -0.06789675
v 0.61700474 2.04244424 -0.17142322
v 0.55904994 2.10343842 -0.16354640
v 0.52862298 2.06478518 -0.17239544
v 0.64808303 1.96638574 -0.23022281
v 0.67756143 1.99934543 -0.22754500
v 0.59090354 2.00874061 -0.17877337
v 0.72626513 1.94764548 -0.29325174
v 0.17625027 2.22825762 0.00408180
v 0.45109093 1.85985084 -0.75377763
v 0.56108665 1.93565435 -0.69298768
v 0.43176836 1.88690576 -0.73053219
v 0.70756106 1.99009686 -0.65107407
v 0.61162752 2.10209621 -0.51186979
v 0.59967730 1.87482446 -0.76084925
v 0.47490769 2.05584432 -0.56322497
v 0.34362494 2.02081486 -0.60754773
v 0.52909385 1.76209662 -0.84480785
v 0.64388490 1.81499705 -0.81862967
v 0.63996832 2.15275066 -0.52761617
v 0.78222621 1.91691110 -0.52589202
v 0.73703700 2.03589055 -0.66953921
v 0.84116599 1.84319152 -0.62522331
v 0.80339219 1.96001477 -0.76534143
v 0.76918062 1.86076930 -0.37685683
v 0.66240188 1.85693935 -0.85324898
v 0.53991098 1.79324638 -0.87190533
v 0.51782015 1.82291869 -0.84544226
v 0.57133865 1.75220579 -0.89053858
v 0.83470093 1.84449706 -0.83470309
v 0.68282951 1.80281516 -0.87572561
v 0.80339219 1.96001477 -0.76534143
v 0.82842326 1.91339481 -0.80693607
v 0.61668735 1.92159455 -0.79220134
v 0.46065152 1.89412053 -0.77817162
v 0.73703700 2.03589055 -0.66953921
v 0.63715735 1.65464863 -0.91505658
v 0.82682092 1.66216571 -0.88131271
v 0.71651563 1.66669473 -0.90939051
v 0.80478331 1.37973544 -0.94272228
v 0.83056306 1.43058369 -0.85014154
v 0.79918262 1.35377538 -0.94444457
v 0.84091304 1.48463560 -0.84605881
v 0.84765414 1.49761693 -0.79418666
v 0.81026657 1.46417212 -0.92315016
v 0.86035896 1.62696656 -0.77829629
v 0.82682092 1.66216571 -0.88131271
v 0.83470093 1.84449706 -0.83470309
v 0.86444728 1.80113598 -0.66911091
v 0.86925598 1.75132568 -0.70582248
v 0.82842326 1.91339481 -0.80693607
v 0.86549008 1.59074276 -0.70623218
v 0.86981207 1.70213061 -0.57124409
v 0.87189674 1.66144970 -0.62388342
v 0.81552444 1.78957956 -0.46267832
v 0.84782327 1.74045099 -0.52608523
v 0.83671547 1.64022039 -0.61650385
v 0.82964525 1.57325178 -0.69654661
v 0.87189674 1.66144970 -0.62388342
v 0.81162918 1.48385180 -0.78265120
v 0.86549008 1.59074276 -0.70623218
v 0.84765414 1.49761693 -0.79418666
v 0.74100755 1.51222874 -0.93710947
v 0.81026657 1.46417212 -0.92315016
v 0.72997920 1.45869054 -0.94245666
v 0.69485572 1.53981833 -0.93344257
v 0.80478331 1.37973544 -0.94272228
v 0.79918262 1.35377538 -0.94444457
v 0.32621180 2.15967336 -0.37043746
v 0.27218717 2.08243152 -0.50171823
v 0.43287002 2.12031884 -0.48650848
v 0.33691784 2.24520583 -0.16707450
v 0.23660895 2.17971039 -0.23051649
v 0.16214434 2.13696045 -0.27907721
v 0.23855625 2.11675188 -0.42912588
v 0.19916203 2.16510576 -0.10280525
v 0.44661495 2.22608057 -0.29323594
v 0.55746944 2.17570683 -0.43013692
v 0.84782327 1.74045099 -0.52608523
v 0.78304689 1.76065697 -0.46032753
v 0.81438385 1.71314964 -0.52214360
v 0.81552444 1.78957956 -0.46267832
v 0.86981207 1.70213061 -0.57124409
v 0.33623320 2.07592028 -0.60657598
v 0.35093282 2.05872769 -0.62874058
v 0.33057253 2.03631374 -0.58750376
v 0.44051758 1.92233197 -0.75380412
v 0.34362494 2.02081486 -0.60754773
v 0.53991098 1.79324638 -0.87190533
v 0.52909385 1.76209662 -0.84480785
v 0.50789476 1.78976938 -0.81986880
v 0.51782015 1.82291869 -0.84544226
v 0.79952693 1.41852995 -0.83761758
v 0.83671547 1.64022039 -0.61650385
v 0.82011027 1.76632482 -0.65802370
v 0.82393819 1.72156285 -0.69210606
v 0.80000712 1.80958420 -0.80721575
v 0.83541572 1.67749340 -0.56563641
v 0.77187722 1.91612247 -0.74406342
v 0.79511153 1.87333211 -0.78252481
v 0.82964525 1.57325178 -0.69654661
v 0.79136686 1.63318463 -0.85119374
v 0.81384396 1.60182196 -0.76150557
v 0.79809669 1.80427118 -0.61664536
v 0.44661495 2.22608057 -0.29323594
v 0.60888762 2.05363577 -0.31466638
v 0.50571430 2.10677312 -0.20504904
v 0.64808303 1.96638574 -0.23022281
v 0.59090354 2.00874061 -0.17877337
v 0.69541894 1.91625432 -0.29351659
v 0.55746944 2.17570683 -0.43013692
v 0.52862298 2.06478518 -0.17239544
v 0.65927631 1.99341608 -0.38535565
v 0.15236354 2.16226857 -0.02114280
v 0.24144342 2.20219102 -0.07535118
v 0.14603153 2.15287060 -0.05658292
v 0.17058089 2.18671523 -0.00228719
v 0.33057253 2.03631374 -0.58750376
v 0.16542675 2.14392059 -0.12523757
v 0.44509531 2.09932830 -0.03146177
v 0.42115739 2.06542351 -0.04302110
v 0.47380235 2.04860159 -0.07701469
v 0.29573380 2.14557052 -0.00663785
v 0.22745044 2.15861890 0.01842387
v 0.27596178 2.11339165 -0.02449951
v 0.24144342 2.20219102 -0.07535118
v 0.18241277 2.15396956 0.00624313
v 0.17058089 2.18671523 -0.00228719
v 0.55988603 1.72452390 -0.86162623
v 0.77187722 1.91612247 -0.74406342
v 0.66330964 1.76592752 -0.83849767
v 0.80000712 1.80958420 -0.80721575
v 0.79511153 1.87333211 -0.78252481
v 0.50789476 1.78976938 -0.81986880
v 0.79136686 1.63318463 -0.85119374
v 0.62464415 1.63079113 -0.88412373
v 0.69545335 1.63452070 -0.86940306
v 0.61162752 2.10209621 -0.51186979
v 0.70756106 1.99009686 -0.65107407
v 0.74096685 1.87563302 -0.51992038
v 0.73733982 1.83109103 -0.37535374
v 0.79952693 1.41852995 -0.83761758
v 0.77421465 1.43951442 -0.89106535
v 0.77152518 1.33595005 -0.91949984
v 0.81162918 1.48385180 -0.78265120
v 0.79442626 1.46443149 -0.82683259
v 0.81438385 1.71314964 -0.52214360
v 0.78304689 1.76065697 -0.46032753
v 0.71904710 1.48525056 -0.89553104
v 0.77421465 1.43951442 -0.89106535
v 0.68160072 1.51976453 -0.90115464
v 0.71558980 1.44138592 -0.91346924
v 0.77152518 1.33595005 -0.91949984
v 0.18241277 2.15396956 0.00624313
v 0.19910573 2.18861047 0.02325411
v 0.17058089 2.18671523 -0.00228719
v 0.17625027 2.22825762 0.00408180
v 0.14532288 2.20346488 -0.02576188
v 0.83056306 1.43058369 -0.85014154
v 0.77152518 1.33595005 -0.91949984
v 0.79918262 1.35377538 -0.94444457
v 0.16214434 2.13696045 -0.27907721
v 0.15670861 2.18396802 -0.13334088
v 0.21387567 2.13413257 0.00524804
v 0.13986742 2.18280852 -0.06139647
v 0.16542675 2.14392059 -0.12523757
v 0.14603153 2.15287060 -0.05658292
v 0.15236354 2.16226857 -0.02114280
v 0.83541572 1.67749340 -0.56563641
v 0.33623320 2.07592028 -0.60657598
v 0.68160072 1.51976453 -0.90115464
v 0.62464415 1.63079113 -0.88412373
v 0.69485572 1.53981833 -0.93344257
v 0.55988603 1.72452390 -0.86162623
v 0.63715735 1.65464863 -0.91505658
v 0.57133865 1.75220579 -0.89053858
v 0.69541894 1.91625432 -0.29351659
v 0.76918062 1.86076930 -0.37685683
v 0.79918262 1.35377538 -0.94444457
v 0.71558980 1.44138592 -0.91346924
v 0.72997920 1.45869054 -0.94245666
v 0.77152518 1.33595005 -0.91949984
v 0.73733982 1.83109103 -0.37535374
v 0.74096685 1.87563302 -0.51992038
v 0.78304689 1.76065697 -0.46032753
v 0.81552444 1.78957956 -0.46267832
v 0.78222621 1.91691110 -0.52589202
v 0.74096685 1.87563302 -0.51992038
v 0.76918062 1.86076930 -0.37685683
v 0.73733982 1.83109103 -0.37535374
v 0.78222621 1.91691110 -0.52589202
v 0.55904994 2.10343842 -0.16354640
v 0.52862298 2.06478518 -0.17239544
v 0.49949917 2.08223723 -0.06789675
v 0.33623320 2.07592028 -0.60657598
v 0.43287002 2.12031884 -0.48650848
v 0.44579972 2.17502399 -0.50914539
v 0.33057253 2.03631374 -0.58750376
v 0.43287002 2.12031884 -0.48650848
v 0.27218717 2.08243152 -0.50171823
v 0.27750577 2.12193301 -0.52096704
v 0.44579972 2.17502399 -0.50914539
v 0.51782015 1.82291869 -0.84544226
v 0.59967730 1.87482446 -0.76084925
v 0.61668735 1.92159455 -0.79220134
v 0.50789476 1.78976938 -0.81986880
v 0.59967730 1.87482446 -0.76084925
v 0.45109093 1.85985084 -0.75377763
v 0.46065152 1.89412053 -0.77817162
v 0.61668735 1.92159455 -0.79220134
v 0.46065152 1.89412053 -0.77817162
v 0.43176836 1.88690576 -0.73053219
v 0.45109093 1.85985084 -0.75377763
v 0.83984993 1.90260764 -0.05681041
v 0.77196662 2.08200402 0.06966025
v 0.90242829 1.96981206 0.08984473
v 0.95521146 1.86820998 0.10016561
v 0.88927681 1.81690194 -0.04891786
v 0.78451000 1.84719228 -0.15218492
v 0.73129348 1.91182756 -0.14712947
v 0.72907698 2.00520605 -0.06320376
v 0.63881050 2.16388218 0.05030943
v 0.61549461 1.99981202 -0.14215173
v 0.60059405 2.09275075 -0.06184175
v 0.70907841 1.97302588 -0.10772091
v 0.82182372 1.92298236 0.20246121
v 0.77196662 2.08200402 0.06966025
v 0.69991285 2.01695896 0.19396573
v 0.95521146 1.86820998 0.10016561
v 0.90242829 1.96981206 0.08984473
v 0.69456715 1.90174671 0.29587132
v 0.62235426 1.93693041 0.25536697
v 0.66813128 1.87758467 0.27836867
v 0.69456715 1.90174671 0.29587132
v 0.52405829 2.04878542 0.21961920
v 0.50555319 2.01960038 0.20197676
v 0.64438651 1.96394025 0.27269220
v 0.47380785 2.14404538 0.08808122
v 0.57418356 2.10106447 0.15507269
v 0.50678235 2.18040943 0.03360076
v 0.27171143 2.18194723 0.00779548
v 0.27322683 2.17490438 0.01342806
v 0.27546051 2.18833163 -0.00023229
v 0.63881050 2.16388218 0.05030943
v 0.56984490 2.05337685 -0.04592203
v 0.48465161 2.13412065 0.03268026
v 0.46518953 2.09784191 -0.00581326
v 0.54445681 2.00735368 -0.11754166
v 0.59076208 1.97324884 -0.12789468
v 0.45325118 2.07536854 -0.03817982
v 0.27365950 2.16839183 -0.01008102
v 0.26997712 2.17359401 -0.00493852
v 0.27176226 2.17976216 -0.00035413
v 0.44838558 2.11141780 0.11628264
v 0.86701941 1.83278023 0.21734048
v 0.75962855 1.82432699 0.31108974
v 0.77431011 1.80008689 0.31430101
v 0.84810024 1.63040402 0.32105947
v 0.94719641 1.67055259 0.23305009
v 0.52405829 2.04878542 0.21961920
v 0.64438651 1.96394025 0.27269220
v 0.50678235 2.18040943 0.03360076
v 0.46926704 2.10484453 -0.05521854
v 0.48748977 2.13973858 -0.02429102
v 0.78451000 1.84719228 -0.15218492
v 0.70541734 1.88591388 -0.13384221
v 0.73129348 1.91182756 -0.14712947
v 0.75435648 1.82409976 -0.13997065
v 0.67926697 1.94322989 -0.09192074
v 0.83127161 1.77394692 -0.14572202
v 0.79957377 1.75321233 -0.13404800
v 0.27546051 2.18833163 -0.00023229
v 0.27368569 2.18132567 -0.00841941
v 0.27644187 2.17389222 -0.01297704
v 0.94348881 1.56477000 0.22614254
v 1.00420853 1.68125648 0.11329663
v 1.06696840 1.57765857 0.12490876
v 0.83375750 1.57820153 0.30300103
v 0.90573048 1.64462402 0.21423979
v 0.98059885 1.48851973 0.22827584
v 0.87988498 1.48868513 0.30157731
v 0.81880977 1.61153282 0.30359174
v 0.82642846 1.80236827 0.19927012
v 1.04888957 1.70706007 0.11774796
v 0.96999807 1.65592693 -0.02728491
v 0.83127161 1.77394692 -0.14572202
v 0.87052537 1.66662373 -0.13072468
v 1.11372778 1.60058531 0.12972335
v 1.03221620 1.55106271 -0.00830913
v 1.02421138 1.50703405 0.24906194
v 0.98617710 1.58861185 0.24652141
v 0.91029210 1.50469512 0.31948257
v 1.11372778 1.60058531 0.12972335
v 1.12839891 1.47704565 0.13624457
v 1.13459239 1.54387056 0.13443746
v 1.04888957 1.70706007 0.11774796
v 0.92776148 1.46764925 0.31897434
v 1.03021618 1.45189985 0.24211539
v 0.94392933 1.42279992 0.30571198
v 1.02234250 1.32427904 0.21935512
v 0.99950172 1.06623638 0.13629618
v 0.98756505 1.04546369 0.13563895
v 0.99032586 1.13702984 0.06927596
v 1.02297720 1.14084435 0.13629472
v 0.99831736 1.20896781 0.03489933
v 1.01404926 1.18066473 0.07105564
v 1.08248116 1.31374681 0.13691252
v 0.86373854 1.59560422 0.32053841
v 1.12839891 1.47704565 0.13624457
v 1.05455825 1.49748111 -0.00018157
v 1.13459239 1.54387056 0.13443746
v 1.04394760 1.31747778 0.04190972
v 1.05821704 1.44308554 0.01213982
v 0.97731194 1.45205111 -0.08799136
v 0.95395530 1.50287161 -0.09842660
v 1.00051137 1.31353270 -0.01635891
v 0.98987594 1.39968228 -0.06167110
v 0.91857919 1.57066267 -0.11316844
v 1.00051137 1.31353270 -0.01635891
v 0.95507372 1.39062023 -0.05070736
v 0.98987594 1.39968228 -0.06167110
v 0.96544269 1.30843623 -0.00584646
v 0.94271665 1.43946512 -0.07694049
v 0.97731194 1.45205111 -0.08799136
v 0.99831736 1.20896781 0.03489933
v 0.96352585 1.20758759 0.04498985
v 0.56691705 2.03529373 -0.13238574
v 0.99904351 1.18538867 0.19429912
v 0.97536724 1.21619235 0.22339193
v 1.08248116 1.31374681 0.13691252
v 1.02297720 1.14084435 0.13629472
v 0.96685514 1.32474581 0.26596395
v 0.97563956 1.14181534 0.19385290
v 0.99950172 1.06623638 0.13629618
v 0.98756505 1.04546369 0.13563895
v 0.54778443 2.06032134 0.13526550
v 0.45620110 2.10067145 0.06801264
v 0.48465161 2.13412065 0.03268026
v 0.66878628 1.97942815 0.17438967
v 0.62235426 1.93693041 0.25536697
v 0.60834051 2.12086122 0.04824827
v 0.50555319 2.01960038 0.20197676
v 0.43664868 2.08059493 0.09817582
v 0.73676393 2.04259436 0.06688455
v 0.66813128 1.87758467 0.27836867
v 0.78334613 1.88892148 0.18408522
v 0.91988984 1.48737580 -0.08731458
v 0.91857919 1.57066267 -0.11316844
v 0.95395530 1.50287161 -0.09842660
v 0.88537075 1.55312783 -0.10184784
v 0.74613802 1.77822447 0.29693044
v 0.77431011 1.80008689 0.31430101
v 0.73300833 1.80006883 0.29388029
v 0.84810024 1.63040402 0.32105947
v 0.81880977 1.61153282 0.30359174
v 0.75962855 1.82432699 0.31108974
v 0.87988498 1.48868513 0.30157731
v 0.89670764 1.45394829 0.30093777
v 0.92776148 1.46764925 0.31897434
v 0.91029210 1.50469512 0.31948257
v 0.94392933 1.42279992 0.30571198
v 0.99032586 1.13702984 0.06927596
v 0.95904917 1.13662202 0.07619536
v 0.94271665 1.43946512 -0.07694049
v 1.01054180 1.43098496 0.02296991
v 1.00706751 1.48018748 0.01088488
v 1.03395125 1.30670964 0.13127359
v 1.07960040 1.46413408 0.13079799
v 0.96544269 1.30843623 -0.00584646
v 0.99557880 1.31041715 0.05224637
v 0.95507372 1.39062023 -0.05070736
v 0.91988984 1.48737580 -0.08731458
v 1.08643174 1.52545925 0.12927937
v 0.86034108 1.93495415 0.08605646
v 0.69374377 1.96890347 -0.04888984
v 0.86034108 1.93495415 0.08605646
v 0.73676393 2.04259436 0.06688455
v 0.67926697 1.94322989 -0.09192074
v 0.79809530 1.87012218 -0.04419860
v 0.60834051 2.12086122 0.04824827
v 0.70541734 1.88591388 -0.13384221
v 0.75435648 1.82409976 -0.13997065
v 0.91092801 1.83730945 0.09595813
v 0.27176226 2.17976216 -0.00035413
v 0.26887415 2.17394102 0.00412080
v 0.27116900 2.16917582 0.01037303
v 0.91092801 1.83730945 0.09595813
v 0.74613802 1.77822447 0.29693044
v 0.73300833 1.80006883 0.29388029
v 0.56691705 2.03529373 -0.13238574
v 0.59076208 1.97324884 -0.12789468
v 0.54445681 2.00735368 -0.11754166
v 0.61549461 1.99981202 -0.14215173
v 0.45325118 2.07536854 -0.03817982
v 0.46926704 2.10484453 -0.05521854
v 0.27365950 2.16839183 -0.01008102
v 0.27644187 2.17389222 -0.01297704
v 0.84545072 1.78791043 -0.03698910
v 0.98641543 1.43857979 0.22112179
v 0.89670764 1.45394829 0.30093777
v 0.93532540 1.31860291 0.24772045
v 0.91276970 1.41266378 0.28748514
v 1.08643174 1.52545925 0.12927937
v 1.07960040 1.46413408 0.13079799
v 0.79957377 1.75321233 -0.13404800
v 0.83789555 1.64807104 -0.11934207
v 0.92482073 1.63106490 -0.01578011
v 1.00420853 1.68125648 0.11329663
v 1.06696840 1.57765857 0.12490876
v 0.98537253 1.52933570 0.00292946
v 0.95904917 1.13662202 0.07619536
v 0.96623767 1.17848394 0.08069195
v 0.96352585 1.20758759 0.04498985
v 0.97459061 1.13811381 0.13050801
v 0.88537075 1.55312783 -0.10184784
v 1.03395125 1.30670964 0.13127359
v 0.95491614 1.18204746 0.17368033
v 0.97779669 1.31601458 0.19829312
v 0.97459061 1.13811381 0.13050801
v 0.94399564 1.21373543 0.20539240
v 0.94602015 1.14056104 0.17924359
v 0.95066326 1.04437153 0.13118775
v 0.27546051 2.18833163 -0.00023229
v 0.27368569 2.18132567 -0.00841941
v 0.27176226 2.17976216 -0.00035413
v 0.26997712 2.17359401 -0.00493852
v 0.26887415 2.17394102 0.00412080
v 0.27171143 2.18194723 0.00779548
v 0.95066326 1.04437153 0.13118775
v 0.95066326 1.04437153 0.13118775
v 0.98756505 1.04546369 0.13563895
v 0.27116900 2.16917582 0.01037303
v 0.43664868 2.08059493 0.09817582
v 0.44838558 2.11141780 0.11628264
v 0.27322683 2.17490438 0.01342806
v 0.97536724 1.21619235 0.22339193
v 0.93532540 1.31860291 0.24772045
v 0.94399564 1.21373543 0.20539240
v 0.96685514 1.32474581 0.26596395
v 0.97563956 1.14181534 0.19385290
v 0.91276970 1.41266378 0.28748514
v 0.87052537 1.66662373 -0.13072468
v 0.83789555 1.64807104 -0.11934207
v 0.94602015 1.14056104 0.17924359
v 0.95066326 1.04437153 0.13118775
v 0.98756505 1.04546369 0.13563895
v 0.88537075 1.55312783 -0.10184784
v 0.92482073 1.63106490 -0.01578011
v 0.91857919 1.57066267 -0.11316844
v 0.96999807 1.65592693 -0.02728491
v 0.92482073 1.63106490 -0.01578011
v 0.87052537 1.66662373 -0.13072468
v 0.96999807 1.65592693 -0.02728491
v 0.83789555 1.64807104 -0.11934207
v 0.70907841 1.97302588 -0.10772091
v 0.67926697 1.94322989 -0.09192074
v 0.70907841 1.97302588 -0.10772091
v 0.78334613 1.88892148 0.18408522
v 0.75962855 1.82432699 0.31108974
v 0.82182372 1.92298236 0.20246121
v 0.73300833 1.80006883 0.29388029
v 0.78334613 1.88892148 0.18408522
v 0.69456715 1.90174671 0.29587132
v 0.66813128 1.87758467 0.27836867
v 0.82182372 1.92298236 0.20246121
v 0.94348881 1.56477000 0.22614254
v 0.91029210 1.50469512 0.31948257
v 0.98617710 1.58861185 0.24652141
v 0.87988498 1.48868513 0.30157731
v 0.94348881 1.56477000 0.22614254
v 0.86373854 1.59560422 0.32053841
v 0.83375750 1.57820153 0.30300103
v 0.98617710 1.58861185 0.24652141
v 0.86373854 1.59560422 0.32053841
v 0.83375750 1.57820153 0.30300103
v -0.45889574 2.26349347 -0.05261678
v -0.56559765 2.11070422 0.08175638
v -0.43050633 2.17838790 0.07906975
v -0.61641773 2.19202210 -0.06227462
v -0.69590835 2.10911334 -0.06707073
v -0.63729654 2.04213727 0.07882189
v -0.28312760 2.22664308 0.06790063
v -0.30726846 2.30509807 -0.04327528
v -0.52176695 2.04249322 0.17479289
v -0.45313099 2.08970997 0.16504825
v -0.41739200 2.14211102 0.12299339
v -0.45889574 2.26349347 -0.05261678
v -0.30726846 2.30509807 -0.04327528
v -0.41597886 2.18037889 -0.17959925
v -0.55948556 2.12407020 -0.17852375
v -0.61641773 2.19202210 -0.06227462
v -0.69590835 2.10911334 -0.06707073
v -0.44948263 2.06778162 -0.27903023
v -0.26958247 2.22628155 -0.15035345
v -0.38260247 2.11362784 -0.26036005
v -0.36786690 2.08162611 -0.24381082
v -0.44948263 2.06778162 -0.27903023
v -0.38260247 2.11362784 -0.26036005
v -0.24025673 2.16181056 -0.21665096
v -0.22948582 2.12870427 -0.19952110
v -0.42972397 2.03728845 -0.26263695
v -0.15708926 2.23988388 -0.09059770
v 0.05104867 2.22752858 -0.01557702
v 0.05234694 2.22031605 -0.02367345
v 0.04857195 2.21394915 -0.02904356
v -0.14362040 2.20133588 -0.11955967
v -0.17505269 2.28424464 -0.03503507
v -0.14827618 2.16877293 0.03568150
v -0.26563085 2.18018666 0.05102042
v -0.15557405 2.19353605 0.00360830
v -0.16664451 2.23362688 -0.03442937
v -0.39812471 2.10511516 0.10607502
v -0.40765838 2.13361066 0.06344313
v -0.24943864 2.12923660 0.12197072
v 0.05251447 2.21186820 -0.01088501
v 0.04787333 2.20792219 -0.00541179
v -0.24025673 2.16181056 -0.21665096
v -0.62883217 2.04997436 -0.18858764
v -0.75177336 1.91645493 -0.19572814
v -0.83161145 1.98038351 -0.07527950
v -0.53433930 2.01149715 -0.28850632
v -0.55535445 1.99229570 -0.29027041
v -0.67366469 1.84987692 -0.28870121
v -0.17505269 2.28424464 -0.03503507
v -0.16410633 2.24007144 0.02246852
v -0.31802147 2.14190650 0.15103568
v -0.15433007 2.20162179 0.05300064
v 0.05104867 2.22752858 -0.01557702
v -0.43639350 2.05755065 0.15079050
v -0.52176695 2.04249322 0.17479289
v -0.50007654 2.01185606 0.16128132
v -0.45313099 2.08970997 0.16504825
v -0.58735628 1.98515653 0.17284263
v -0.56349556 1.95635556 0.15972292
v -0.39812471 2.10511516 0.10607502
v -0.41739200 2.14211102 0.12299339
v 0.05133431 2.22034305 -0.00735853
v 0.04692305 2.21399330 -0.00247541
v -0.71801543 1.88008156 -0.17890790
v -0.66177915 2.06711330 -0.06488298
v -0.79566902 1.94316916 -0.07298701
v -0.59720683 2.00953577 -0.17235193
v -0.67325179 1.79582817 -0.27038559
v -0.64970213 1.82366875 -0.27263571
v -0.77716508 1.81386378 -0.18668798
v -0.88535976 1.86111871 -0.07841763
v -0.65577319 1.89296137 0.16268230
v -0.58735628 1.98515653 0.17284263
v -0.83161145 1.98038351 -0.07527950
v -0.76079564 1.90994572 0.06577595
v -0.85079698 1.82649530 0.05299267
v -0.92411702 1.89614836 -0.08088118
v -0.87206205 1.78081301 -0.20333402
v -0.96017933 1.84747652 -0.08303865
v -0.81277639 1.84856654 -0.20495184
v -0.76809907 1.74649415 -0.28050930
v -0.79510296 1.71578826 -0.27810428
v -0.97292904 1.78156607 -0.08372064
v -0.89268629 1.72956997 -0.19479837
v -0.97433925 1.61193908 -0.08352699
v -0.82220007 1.67728384 -0.26287629
v -0.96354512 1.35111427 -0.08242537
v -0.95783407 1.32784089 -0.08203233
v -0.93072988 1.41684758 -0.01769607
v -0.91616893 1.48831736 0.01548169
v -0.94145779 1.46535719 -0.01900226
v -0.96531315 1.42930802 -0.08266450
v -0.97433925 1.61193908 -0.08352699
v -0.69828890 1.82081797 -0.28644543
v -0.88762613 1.78122837 0.04744875
v -0.97292904 1.78156607 -0.08372064
v -0.90704728 1.72995310 0.03659744
v -0.78333206 1.75880901 0.13922146
v -0.96017933 1.84747652 -0.08303865
v -0.82051633 1.71646643 0.13137493
v -0.93020555 1.60521269 0.00883760
v -0.92411702 1.89614836 -0.08088118
v -0.84881773 1.66955627 0.10705268
v -0.72963308 1.81411895 0.15025078
v -0.81869187 1.65110305 0.09419032
v -0.88588996 1.58958081 0.06441897
v -0.85437763 1.57486386 0.05190171
v -0.84881773 1.66955627 0.10705268
v -0.91616893 1.48831736 0.01548169
v -0.88386228 1.47724841 0.00331899
v -0.79157371 1.69468633 0.11851731
v -0.82051633 1.71646643 0.13137493
v -0.26223797 2.16239690 0.13752791
v -0.93376152 1.46515212 -0.14300702
v -0.96531315 1.42930802 -0.08266450
v -0.91912467 1.60491691 -0.16970361
v -0.90439832 1.48800324 -0.17417503
v -0.92340931 1.41678472 -0.14301326
v -0.96354512 1.35111427 -0.08242537
v -0.86883940 1.58968718 -0.21961243
v -0.88588996 1.58958081 0.06441897
v -0.95783407 1.32784089 -0.08203233
v -0.39530448 2.13574898 -0.16112340
v -0.42972397 2.03728845 -0.26263695
v -0.36786690 2.08162611 -0.24381082
v -0.28988565 2.25529876 -0.04211385
v -0.43592714 2.21584644 -0.05111231
v -0.25431656 2.17988510 -0.13128605
v -0.53087948 2.08071825 -0.16177200
v -0.22948582 2.12870427 -0.19952110
v -0.13976089 2.16854569 -0.10151636
v -0.15096428 2.19341312 -0.07067364
v -0.16664451 2.23362688 -0.03442937
v -0.72963308 1.81411895 0.15025078
v -0.75570992 1.73438191 0.12640046
v -0.70341229 1.78797151 0.13731976
v -0.78333206 1.75880901 0.13922146
v -0.51444946 1.98085887 -0.27241463
v -0.55535445 1.99229570 -0.29027041
v -0.53433930 2.01149715 -0.28850632
v -0.53330115 1.96352640 -0.27416640
v -0.67366469 1.84987692 -0.28870121
v -0.76809907 1.74649415 -0.28050930
v -0.76797660 1.69405659 -0.26169463
v -0.79510296 1.71578826 -0.27810428
v -0.74224286 1.72272419 -0.26413954
v -0.82220007 1.67728384 -0.26287629
v -0.93072988 1.41684758 -0.01769607
v -0.90131611 1.40770692 -0.02650153
v -0.86541930 1.70499422 0.02315062
v -0.92941644 1.59167946 -0.08070559
v -0.92939353 1.75558906 -0.08097571
v -0.79157371 1.69468633 0.11851731
v -0.81869187 1.65110305 0.09419032
v -0.84763337 1.75133273 0.03389388
v -0.85437763 1.57486386 0.05190171
v -0.88648042 1.58490259 -0.00427223
v -0.91880197 1.81639437 -0.08041921
v -0.75570992 1.73438191 0.12640046
v -0.58552055 2.14683190 -0.06028230
v -0.53542410 2.06781104 0.06735044
v -0.66177915 2.06711330 -0.06488298
v -0.58552055 2.14683190 -0.06028230
v -0.43592714 2.21584644 -0.05111231
v -0.56349556 1.95635556 0.15972292
v -0.60412236 2.00202539 0.06489269
v -0.43639350 2.05755065 0.15079050
v -0.50007654 2.01185606 0.16128132
v -0.28988565 2.25529876 -0.04211385
v 0.05222000 2.21826881 -0.01548900
v 0.05308007 2.21185330 -0.02000024
v 0.04915086 2.20788811 -0.02599204
v -0.51444946 1.98085887 -0.27241463
v -0.53330115 1.96352640 -0.27416640
v -0.26223797 2.16239690 0.13752791
v -0.14827618 2.16877293 0.03568150
v -0.15433007 2.20162179 0.05300064
v -0.30262347 2.10943762 0.13589456
v -0.24943864 2.12923660 0.12197072
v 0.04692305 2.21399330 -0.00247541
v 0.05222000 2.21826881 -0.01548900
v -0.30262347 2.10943762 0.13589456
v -0.76797660 1.69405659 -0.26169463
v -0.85304547 1.70466416 -0.17622510
v -0.79396963 1.65894666 -0.24636346
v -0.83405823 1.75097083 -0.18483974
v -0.92941644 1.59167946 -0.08070559
v -0.87736053 1.58465896 -0.15122097
v -0.83914343 1.57508218 -0.20319512
v -0.74224286 1.72272419 -0.26413954
v -0.92939353 1.75558906 -0.08097571
v -0.91880197 1.81639437 -0.08041921
v -0.79566902 1.94316916 -0.07298701
v -0.72515165 1.87342465 0.05209461
v -0.81266752 1.79252140 0.03940482
v -0.88535976 1.86111871 -0.07841763
v -0.90131611 1.40770692 -0.02650153
v -0.89686532 1.44989211 -0.03148896
v -0.88386228 1.47724841 0.00331899
v -0.91932165 1.41322483 -0.07978359
v -0.70341229 1.78797151 0.13731976
v -0.89105917 1.44973677 -0.12505158
v -0.91932165 1.41322483 -0.07978359
v -0.87384554 1.47698075 -0.15807425
v -0.89442190 1.40739056 -0.13021535
v -0.63039395 1.86599735 0.14974752
v -0.92248097 1.31652626 -0.07981956
v 0.05251447 2.21186820 -0.01088501
v 0.05222000 2.21826881 -0.01548900
v 0.05133431 2.22034305 -0.00735853
v 0.04787333 2.20792219 -0.00541179
v 0.05104867 2.22752858 -0.01557702
v 0.05234694 2.22031605 -0.02367345
v -0.92248097 1.31652626 -0.07981956
v -0.95783407 1.32784089 -0.08203233
v -0.92248097 1.31652626 -0.07981956
v -0.14362040 2.20133588 -0.11955967
v -0.13976089 2.16854569 -0.10151636
v 0.04915086 2.20788811 -0.02599204
v 0.04857195 2.21394915 -0.02904356
v 0.05308007 2.21185330 -0.02000024
v -0.90439832 1.48800324 -0.17417503
v -0.86883940 1.58968718 -0.21961243
v -0.83914343 1.57508218 -0.20319512
v -0.87384554 1.47698075 -0.15807425
v -0.79396963 1.65894666 -0.24636346
v -0.65577319 1.89296137 0.16268230
v -0.63039395 1.86599735 0.14974752
v -0.92340931 1.41678472 -0.14301326
v -0.89442190 1.40739056 -0.13021535
v -0.92248097 1.31652626 -0.07981956
v -0.95783407 1.32784089 -0.08203233
v -0.72515165 1.87342465 0.05209461
v -0.72963308 1.81411895 0.15025078
v -0.70341229 1.78797151 0.13731976
v -0.76079564 1.90994572 0.06577595
v -0.72515165 1.87342465 0.05209461
v -0.65577319 1.89296137 0.16268230
v -0.76079564 1.90994572 0.06577595
v -0.63039395 1.86599735 0.14974752
v -0.39812471 2.10511516 0.10607502
v -0.31802147 2.14190650 0.15103568
v -0.41739200 2.14211102 0.12299339
v -0.53087948 2.08071825 -0.16177200
v -0.53433930 2.01149715 -0.28850632
v -0.55948556 2.12407020 -0.17852375
v -0.51444946 1.98085887 -0.27241463
v -0.42972397 2.03728845 -0.26263695
v -0.53087948 2.08071825 -0.16177200
v -0.44948263 2.06778162 -0.27903023
v -0.55948556 2.12407020 -0.17852375
v -0.76809907 1.74649415 -0.28050930
v -0.77716508 1.81386378 -0.18668798
v -0.74224286 1.72272419 -0.26413954
v -0.81277639 1.84856654 -0.20495184
v -0.67325179 1.79582817 -0.27038559
v -0.77716508 1.81386378 -0.18668798
v -0.69828890 1.82081797 -0.28644543
v -0.81277639 1.84856654 -0.20495184
v -0.64970213 1.82366875 -0.27263571
v -0.69828890 1.82081797 -0.28644543
v -0.67325179 1.79582817 -0.27038559
v -0.30369172 2.46681366 -0.02674584
v -0.38646923 2.40191147 0.02481542
v -0.32380354 2.42654290 0.00586153
v -0.25968230 2.36658323 0.04732686
v -0.14684999 2.41899453 0.00819373
v -0.49658967 2.63543484 -0.21681804
v -0.53925561 2.52808370 -0.09961436
v -0.67888028 2.51282454 -0.15197945
v -0.24649852 2.56296434 -0.12832474
v -0.69635147 2.43013781 -0.07360549
v -0.56613837 2.44029183 -0.02581283
v -0.09560336 2.50538811 -0.07601795
v -0.49658967 2.63543484 -0.21681804
v -0.21740235 2.48745178 -0.25394921
v -0.45330822 2.56252216 -0.32694149
v -0.24649852 2.56296434 -0.12832474
v -0.07405977 2.43408942 -0.18378324
v -0.06368591 2.37437078 -0.25324515
v -0.20096435 2.42518132 -0.33614532
v -0.37049961 2.46663002 -0.41143031
v -0.37511284 2.42995882 -0.40082548
v -0.20096435 2.42518132 -0.33614532
v -0.20998328 2.39019693 -0.32659910
v -0.37049961 2.46663002 -0.41143031
v -0.06368591 2.37437078 -0.25324515
v -0.07627469 2.34073662 -0.24410688
v 0.22600442 2.23835185 0.01911875
v 0.12522802 2.32035127 -0.06450581
v 0.11682630 2.35912204 -0.00749484
v 0.02073477 2.43616067 -0.03763799
v 0.22565280 2.21594907 -0.01650352
v 0.12538475 2.28583850 -0.09721657
v 0.03780876 2.37857607 -0.12008249
v 0.04452583 2.32956168 -0.17108772
v 0.20858545 2.20691804 -0.04483818
v -0.59174458 2.54238641 -0.38657499
v -0.64805169 2.61371230 -0.27555870
v -0.57104537 2.51219442 -0.42553710
v -0.01786822 2.36703027 0.02676076
v -0.04394753 2.31121480 0.06225179
v 0.06783402 2.27390397 0.05456781
v 0.08751929 2.31253169 0.03494767
v 0.02073477 2.43616067 -0.03763799
v 0.11682630 2.35912204 -0.00749484
v -0.18180871 2.34987531 0.05829148
v -0.09560336 2.50538811 -0.07601795
v -0.56076651 2.40557157 -0.04152252
v -0.38519835 2.36892365 0.00725282
v -0.38646923 2.40191147 0.02481542
v -0.32218259 2.38864161 -0.01479888
v -0.56613837 2.44029183 -0.02581283
v -0.68865526 2.39555836 -0.08816642
v 0.22600442 2.23835185 0.01911875
v 0.21173405 2.22130250 0.03369305
v 0.19975260 2.21464243 0.03888948
v -0.71922755 2.37947053 -0.52735828
v -0.73887049 2.46068334 -0.43335355
v -0.81062587 2.44401118 -0.46592949
v -0.57249269 2.46752148 -0.41450386
v -0.59232390 2.49123668 -0.37650332
v -0.64347726 2.56140829 -0.27793863
v -0.68842303 2.38781946 -0.51879337
v -0.79652090 2.54277085 -0.33703256
v -0.89858510 2.53104420 -0.37638732
v -0.83825756 2.35384146 -0.55969380
v -0.80541987 2.36160292 -0.55074048
v -0.82678832 2.48237551 -0.21570384
v -0.64805169 2.61371230 -0.27555870
v -0.80462238 2.59241370 -0.33618971
v -0.92760688 2.47052052 -0.26198522
v -0.90970658 2.58062148 -0.37668648
v -0.89033125 2.47442892 -0.50444276
v -0.95808189 2.56374908 -0.39622693
v -0.88522136 2.37197618 -0.57378638
v -0.93176402 2.44560207 -0.51251043
v -0.99797500 2.52002647 -0.41467904
v -0.81504220 2.49320979 -0.47983782
v -0.84309792 2.38793737 -0.57363095
v -0.80462238 2.59241370 -0.33618971
v -0.74157417 2.50996390 -0.44526968
v -0.80839470 2.39654819 -0.56394505
v -0.97262245 2.32617168 -0.56396904
v -1.01653188 2.36144683 -0.52432417
v -1.19273681 2.18088592 -0.51462301
v -1.19957421 2.15953945 -0.51887222
v -1.15683991 2.20621025 -0.43589370
v -1.15740234 2.24252941 -0.49648168
v -1.12242531 2.24976318 -0.38690760
v -1.14159426 2.25008318 -0.42727575
v -1.07607748 2.34909860 -0.36727939
v -1.07835066 2.38933733 -0.45519768
v -0.68896739 2.42353959 -0.53082973
v -0.72112563 2.41486004 -0.53985919
v -0.99797500 2.52002647 -0.41467904
v -0.97396988 2.45708433 -0.28385342
v -0.95808189 2.56374908 -0.39622693
v -0.90970658 2.58062148 -0.37668648
v -1.00893695 2.42959858 -0.30897368
v -0.97966343 2.35961714 -0.21345184
v -0.93507497 2.37033964 -0.19017313
v -1.05189402 2.31898112 -0.29449204
v -1.01515828 2.34201999 -0.25099461
v -0.87332521 2.38133074 -0.15821699
v -1.03241857 2.29067468 -0.30364049
v -1.01515828 2.34201999 -0.25099461
v -1.05189402 2.31898112 -0.29449204
v -0.99813947 2.31185072 -0.26181435
v -1.04995687 2.30973923 -0.37649396
v -0.97966343 2.35961714 -0.21345184
v -1.07835066 2.38933733 -0.45519768
v -1.10023711 2.25865936 -0.53635020
v -1.15740234 2.24252941 -0.49648168
v -1.05917305 2.26288012 -0.55373031
v -1.11530991 2.21525079 -0.54616481
v -1.19273681 2.18088592 -0.51462301
v -1.08250473 2.29251982 -0.33385834
v -1.19957421 2.15953945 -0.51887222
v -0.25248933 2.51273886 -0.13452004
v -0.09014995 2.38737763 -0.17534194
v -0.10656659 2.45672502 -0.08396358
v 0.01759712 2.33459678 -0.11209145
v 0.02889571 2.29812135 -0.16210924
v -0.22855944 2.43907851 -0.24471081
v 0.00574683 2.38998197 -0.04690391
v -0.37511284 2.42995882 -0.40082548
v -0.20998328 2.39019693 -0.32659910
v -0.07627469 2.34073662 -0.24410688
v -0.92268270 2.33696775 -0.20279849
v -0.87332521 2.38133074 -0.15821699
v -0.93507497 2.37033964 -0.19017313
v -0.86272527 2.34743823 -0.17158406
v -0.96506225 2.32754556 -0.22525791
v -0.78630699 2.39888300 -0.11603971
v -0.46032974 2.43571105 -0.43710902
v -0.51893485 2.43338311 -0.46042831
v -0.51687560 2.47004332 -0.47158271
v -0.45583150 2.47253852 -0.44743254
v -0.80541987 2.36160292 -0.55074048
v -0.83825756 2.35384146 -0.55969380
v -0.84309792 2.38793737 -0.57363095
v -0.80839470 2.39654819 -0.56394505
v -0.88522136 2.37197618 -0.57378638
v -1.06263114 2.26462019 -0.34349043
v -1.12242531 2.24976318 -0.38690760
v -1.10056931 2.22399609 -0.39498028
v -1.08250473 2.29251982 -0.33385834
v -1.15683991 2.20621025 -0.43589370
v -1.13715874 2.18323601 -0.44100242
v -0.99813947 2.31185072 -0.26181435
v -0.98641841 2.38787030 -0.31994671
v -0.95491856 2.41247715 -0.29637295
v -1.05594080 2.34764407 -0.45002898
v -0.97922590 2.47470403 -0.41117369
v -1.03241857 2.29067468 -0.30364049
v -1.04995687 2.30973923 -0.37649396
v -0.96506225 2.32754556 -0.22525791
v -0.89858510 2.53104420 -0.37638732
v -0.91180867 2.42382084 -0.27581734
v -0.94325328 2.51571631 -0.39441062
v -0.92268270 2.33696775 -0.20279849
v -0.45759659 2.51078607 -0.31760957
v -0.49580247 2.58252733 -0.22067179
v -0.30347572 2.42069643 -0.04751591
v -0.38519835 2.36892365 0.00725282
v -0.53318026 2.47910787 -0.11762819
v -0.49580247 2.58252733 -0.22067179
v -0.25927532 2.33421530 0.02868194
v -0.32218259 2.38864161 -0.01479888
v -0.68865526 2.39555836 -0.08816642
v -0.66945902 2.46423726 -0.16840537
v -0.64347726 2.56140829 -0.27793863
v -0.25248933 2.51273886 -0.13452004
v -0.15095127 2.37476900 -0.01498434
v 0.10220276 2.27871873 -0.05684377
v 0.21167691 2.20620576 0.01120191
v 0.09910965 2.31501591 -0.01762623
v 0.20730374 2.18580142 -0.01089213
v 0.19510610 2.18501892 -0.03925184
v 0.10764891 2.25630496 -0.08834330
v -0.02550505 2.32565869 0.00158757
v -0.10656659 2.45672502 -0.08396358
v 0.06189204 2.24681608 0.03233667
v -0.04813927 2.28214655 0.04106230
v 0.09910965 2.31501591 -0.01762623
v 0.07742899 2.27358118 0.00849474
v 0.00574683 2.38998197 -0.04690391
v -0.18349567 2.31850166 0.03867832
v 0.21167691 2.20620576 0.01120191
v 0.20106849 2.19170302 0.01796165
v 0.19071603 2.18789969 0.02308736
v -0.56076651 2.40557157 -0.04152252
v -0.87802019 2.33986939 -0.55876327
v -0.88196816 2.42760463 -0.48877158
v -0.91992458 2.40165929 -0.49531831
v -0.97922590 2.47470403 -0.41117369
v -0.94325328 2.51571631 -0.39441062
v -1.05594080 2.34764407 -0.45002898
v -1.00094769 2.31990239 -0.50575080
v -0.96258260 2.29612889 -0.54789623
v -0.79652090 2.54277085 -0.33703256
v -0.81396224 2.43513250 -0.23064107
v -0.77669984 2.36483906 -0.12974483
v -1.13715874 2.18323601 -0.44100242
v -1.13228010 2.20345596 -0.49008596
v -1.11275800 2.21391657 -0.43463609
v -1.10056931 2.22399609 -0.39498028
v -1.06263114 2.26462019 -0.34349043
v -0.86272527 2.34743823 -0.17158406
v -1.08155431 2.22038759 -0.51693385
v -1.13228010 2.20345596 -0.49008596
v -1.04674306 2.23515818 -0.53694201
v -1.10230399 2.19003579 -0.53218733
v -1.17977140 2.13031678 -0.51370687
v 0.21173405 2.22130250 0.03369305
v 0.20106849 2.19170302 0.01796165
v 0.21167691 2.20620576 0.01120191
v 0.19975260 2.21464243 0.03888948
v 0.19071603 2.18789969 0.02308736
v 0.22600442 2.23835185 0.01911875
v 0.22565280 2.21594907 -0.01650352
v -1.17977140 2.13031678 -0.51370687
v -1.17977140 2.13031678 -0.51370687
v -1.19957421 2.15953945 -0.51887222
v -0.46032974 2.43571105 -0.43710902
v -0.55683134 2.42624378 -0.47435289
v -0.51893485 2.43338311 -0.46042831
v 0.04452583 2.32956168 -0.17108772
v 0.02889571 2.29812135 -0.16210924
v 0.10764891 2.25630496 -0.08834330
v 0.20858545 2.20691804 -0.04483818
v 0.19510610 2.18501892 -0.03925184
v 0.12538475 2.28583850 -0.09721657
v 0.06189204 2.24681608 0.03233667
v 0.06783402 2.27390397 0.05456781
v -0.04394753 2.31121480 0.06225179
v -0.04813927 2.28214655 0.04106230
v -0.18180871 2.34987531 0.05829148
v -0.18349567 2.31850166 0.03867832
v -0.45583150 2.47253852 -0.44743254
v -0.51687560 2.47004332 -0.47158271
v -0.96258260 2.29612889 -0.54789623
v -1.05917305 2.26288012 -0.55373031
v -0.97262245 2.32617168 -0.56396904
v -1.04674306 2.23515818 -0.53694201
v -0.87802019 2.33986939 -0.55876327
v -1.11530991 2.21525079 -0.54616481
v -0.55478392 2.46281794 -0.48548131
v -0.78630699 2.39888300 -0.11603971
v -0.77669984 2.36483906 -0.12974483
v -0.69635147 2.43013781 -0.07360549
v -1.10230399 2.19003579 -0.53218733
v -1.19957421 2.15953945 -0.51887222
v -1.17977140 2.13031678 -0.51370687
v 0.20730374 2.18580142 -0.01089213
v 0.19510610 2.18501892 -0.03925184
v 0.20858545 2.20691804 -0.04483818
v -0.25927532 2.33421530 0.02868194
v -0.25968230 2.36658323 0.04732686
v -1.04995687 2.30973923 -0.37649396
v -1.08250473 2.29251982 -0.33385834
v -1.06263114 2.26462019 -0.34349043
v -1.07607748 2.34909860 -0.36727939
v -1.07607748 2.34909860 -0.36727939
v -0.81396224 2.43513250 -0.23064107
v -0.87332521 2.38133074 -0.15821699
v -0.86272527 2.34743823 -0.17158406
v -0.82678832 2.48237551 -0.21570384
v -0.78630699 2.39888300 -0.11603971
v -0.81396224 2.43513250 -0.23064107
v -0.77669984 2.36483906 -0.12974483
v -0.82678832 2.48237551 -0.21570384
v -0.32380354 2.42654290 0.00586153
v -0.32218259 2.38864161 -0.01479888
v -0.32380354 2.42654290 0.00586153
v -0.45759659 2.51078607 -0.31760957
v -0.45583150 2.47253852 -0.44743254
v -0.45330822 2.56252216 -0.32694149
v -0.46032974 2.43571105 -0.43710902
v -0.37511284 2.42995882 -0.40082548
v -0.45759659 2.51078607 -0.31760957
v -0.37049961 2.46663002 -0.41143031
v -0.45330822 2.56252216 -0.32694149
v -0.80839470 2.39654819 -0.56394505
v -0.81062587 2.44401118 -0.46592949
v -0.80541987 2.36160292 -0.55074048
v -0.81504220 2.49320979 -0.47983782
v -0.81504220 2.49320979 -0.47983782
v -0.72112563 2.41486004 -0.53985919
v -0.81062587 2.44401118 -0.46592949
v -0.71922755 2.37947053 -0.52735828
v -0.68842303 2.38781946 -0.51879337
v -0.71922755 2.37947053 -0.52735828
v -0.72112563 2.41486004 -0.53985919
v -0.68896739 2.42353959 -0.53082973
v -0.57249269 2.46752148 -0.41450386
v -0.55478392 2.46281794 -0.48548131
v -0.57104537 2.51219442 -0.42553710
v -0.55683134 2.42624378 -0.47435289
v -0.57104537 2.51219442 -0.42553710
v -0.51687560 2.47004332 -0.47158271
v -0.57249269 2.46752148 -0.41450386
v -0.51893485 2.43338311 -0.46042831
v -0.55683134 2.42624378 -0.47435289
v -0.55478392 2.46281794 -0.48548131
vt 0.01645617 0.86173511
vt 0.01645617 0.86173511
vt 0.01645617 0.86173511
vt 0.01645617 0.86173511
vt 0.01645617 0.86173511
vt 0.01645617 0.86173511
vt 0.01645617 0.86173511
vt 0.01645617 0.86173511
vt 0.01645617 0.86173511
vt 0.01645617 0.86173511
vt 0.01645617 0.86173511
vt 0.01645617 0.86173511
vt 0.01645617 0.86173511
vt 0.01645617 0.86173511
vt 0.01645617 0.86173511
vt 0.01645617 0.86173511
vt 0.01645617 0.86173511
vt 0.01645617 0.86173511
vt 0.01645617 0.86173511
vt 0.01645617 0.86173511
vt 0.01645617 0.86173511
vt 0.01645617 0.86173511
vt 0.01645617 0.86173511
vt 0.01645617 0.86173511
vt 0.01645617 0.86173511
vt 0.01645617 0.86173511
vt 0.01645617 0.86173511
vt 0.01645617 0.86173511
vt 0.01645617 0.86173511
vt 0.01645617 0.86173511
vt 0.01645617 0.86173511
vt 0.01645617 0.86173511
vt 0.01645617 0.86173511
vt 0.01645617 0.86173511
vt 0.01645617 0.86173511
vt 0.01645617 0.86173511
vt 0.01645617 0.86173511
vt 0.01645617 0.86173511
vt 0.01645617 0.86173511
vt 0.01645617 0.86173511
vt 0.01645617 0.86173511
vt 0.01645617 0.86173511
vt 0.01645617 0.86173511
vt 0.01645617 0.86173511
vt 0.01645617 0.86173511
vt 0.01645617 0.86173511
vt 0.01645617 0.86173511
vt 0.01645617 0.86173511
vt 0.01645617 0.86173511
vt 0.01645617 0.86173511
vt 0.01645617 0.86173511
vt 0.01645617 0.86173511
vt 0.01645617 0.86173511
vt 0.01645617 0.86173511
vt 0.01645617 0.86173511
vt 0.01645617 0.86173511
vt 0.01645617 0.86173511
vt 0.01645617 0.86173511
vt 0.01645617 0.86173511
vt 0.01645617 0.86173511
vt 0.01645617 0.86173511
vt 0.01645617 0.86173511
vt 0.01645617 0.86173511
vt 0.01645617 0.86173511
vt 0.01645617 0.86173511
vt 0.01645617 0.86173511
vt 0.01645617 0.86173511
vt 0.01645617 0.86173511
vt 0.01645617 0.86173511
vt 0.01645617 0.86173511
vt 0.01645617 0.86173511
vt 0.01645617 0.86173511
vt 0.01645617 0.86173511
vt 0.01645617 0.86173511
vt 0.01645617 0.86173511
vt 0.01645617 0.86173511
vt 0.01645617 0.86173511
vt 0.01645617 0.86173511
vt 0.01645617 0.86173511
vt 0.01645617 0.86173511
vt 0.01645617 0.86173511
vt 0.01645617 0.86173511
vt 0.01645617 0.86173511
vt 0.01645617 0.86173511
vt 0.01645617 0.86173511
vt 0.01645617 0.86173511
vt 0.01645617 0.86173511
vt 0.01645617 0.86173511
vt 0.01645617 0.86173511
vt 0.01645617 0.86173511
vt 0.01645617 0.86173511
vt 0.01645617 0.86173511
vt 0.01645617 0.86173511
vt 0.01645617 0.86173511
vt 0.01645617 0.86173511
vt 0.01645617 0.86173511
vt 0.01645617 0.86173511
vt 0.01645617 0.86173511
vt 0.01645617 0.86173511
vt 0.01645617 0.86173511
vt 0.01645617 0.86173511
vt 0.01645617 0.86173511
vt 0.01645617 0.86173511
vt 0.01645617 0.86173511
vt 0.01645617 0.86173511
vt 0.01645617 0.86173511
vt 0.01645617 0.86173511
vt 0.01645617 0.86173511
vt 0.01645617 0.86173511
vt 0.01645617 0.86173511
vt 0.01645617 0.86173511
vt 0.01645617 0.86173511
vt 0.01645617 0.86173511
vt 0.01645617 0.86173511
vt 0.01645617 0.86173511
vt 0.01645617 0.86173511
vt 0.01645617 0.86173511
vt 0.01645617 0.86173511
vt 0.01645617 0.86173511
vt 0.01645617 0.86173511
vt 0.01645617 0.86173511
vt 0.01645617 0.86173511
vt 0.01645617 0.86173511
vt 0.01645617 0.86173511
vt 0.01645617 0.86173511
vt 0.01645617 0.86173511
vt 0.01645617 0.86173511
vt 0.01645617 0.86173511
vt 0.01645617 0.86173511
vt 0.01645617 0.86173511
vt 0.01645617 0.86173511
vt 0.01645617 0.86173511
vt 0.01645617 0.86173511
vt 0.01645617 0.86173511
vt 0.01645617 0.86173511
vt 0.01645617 0.86173511
vt 0.01645617 0.86173511
vt 0.01645617 0.86173511
vt 0.01645617 0.86173511
vt 0.01645617 0.86173511
vt 0.01645617 0.86173511
vt 0.01645617 0.86173511
vt 0.01645617 0.86173511
vt 0.01645617 0.86173511
vt 0.01645617 0.86173511
vt 0.01645617 0.86173511
vt 0.01645617 0.86173511
vt 0.01645617 0.86173511
vt 0.01645617 0.86173511
vt 0.01645617 0.86173511
vt 0.01645617 0.86173511
vt 0.01645617 0.86173511
vt 0.01645617 0.86173511
vt 0.01645617 0.86173511
vt 0.01645617 0.86173511
vt 0.01645617 0.86173511
vt 0.01645617 0.86173511
vt 0.01645617 0.86173511
vt 0.01645617 0.86173511
vt 0.01645617 0.86173511
vt 0.01645617 0.86173511
vt 0.01645617 0.86173511
vt 0.01645617 0.86173511
vt 0.01645617 0.86173511
vt 0.01645617 0.86173511
vt 0.01645617 0.86173511
vt 0.01645617 0.86173511
vt 0.01645617 0.86173511
vt 0.01645617 0.86173511
vt 0.01645617 0.86173511
vt 0.01645617 0.86173511
vt 0.01645617 0.86173511
vt 0.01645617 0.86173511
vt 0.01645617 0.86173511
vt 0.01645617 0.86173511
vt 0.01645617 0.86173511
vt 0.01645617 0.86173511
vt 0.01645617 0.86173511
vt 0.01645617 0.86173511
vt 0.01645617 0.86173511
vt 0.01645617 0.86173511
vt 0.01645617 0.86173511
vt 0.01645617 0.86173511
vt 0.01645617 0.86173511
vt 0.01645617 0.86173511
vt 0.01645617 0.86173511
vt 0.01645617 0.86173511
vt 0.01645617 0.86173511
vt 0.01645617 0.86173511
vt 0.01645617 0.86173511
vt 0.01645617 0.86173511
vt 0.01645617 0.86173511
vt 0.01645617 0.86173511
vt 0.01645617 0.86173511
vt 0.01645617 0.86173511
vt 0.01645617 0.86173511
vt 0.01645617 0.86173511
vt 0.01645617 0.86173511
vt 0.01645617 0.86173511
vt 0.01645617 0.86173511
vt 0.01645617 0.86173511
vt 0.01645617 0.86173511
vt 0.01645617 0.86173511
vt 0.01645617 0.86173511
vt 0.01645617 0.86173511
vt 0.01645617 0.86173511
vt 0.01645617 0.86173511
vt 0.01645617 0.86173511
vt 0.01645617 0.86173511
vt 0.01645617 0.86173511
vt 0.01645617 0.86173511
vt 0.01645617 0.86173511
vt 0.01645617 0.86173511
vt 0.01645617 0.86173511
vt 0.01645617 0.86173511
vt 0.01645617 0.86173511
vt 0.01645617 0.86173511
vt 0.01645617 0.86173511
vt 0.01645617 0.86173511
vt 0.01645617 0.86173511
vt 0.01645617 0.86173511
vt 0.01645617 0.86173511
vt 0.01645617 0.86173511
vt 0.01645617 0.86173511
vt 0.01645617 0.86173511
vt 0.01645617 0.86173511
vt 0.01645617 0.86173511
vt 0.01645617 0.86173511
vt 0.01645617 0.86173511
vt 0.01645617 0.86173511
vt 0.01645617 0.86173511
vt 0.01645617 0.86173511
vt 0.01645617 0.86173511
vt 0.01645617 0.86173511
vt 0.01645617 0.86173511
vt 0.01645617 0.86173511
vt 0.01645617 0.86173511
vt 0.01645617 0.86173511
vt 0.01645617 0.86173511
vt 0.01645617 0.86173511
vt 0.01645617 0.86173511
vt 0.01645617 0.86173511
vt 0.01645617 0.86173511
vt 0.01645617 0.86173511
vt 0.01645617 0.86173511
vt 0.01645617 0.86173511
vt 0.01645617 0.86173511
vt 0.01645617 0.86173511
vt 0.01645617 0.86173511
vt 0.01645617 0.86173511
vt 0.01645617 0.86173511
vt 0.01645617 0.86173511
vt 0.01645617 0.86173511
vt 0.01645617 0.86173511
vt 0.01645617 0.86173511
vt 0.01645617 0.86173511
vt 0.01645617 0.86173511
vt 0.01645617 0.86173511
vt 0.01645617 0.86173511
vt 0.01645617 0.86173511
vt 0.01645617 0.86173511
vt 0.01645617 0.86173511
vt 0.01645617 0.86173511
vt 0.01645617 0.86173511
vt 0.01645617 0.86173511
vt 0.01645617 0.86173511
vt 0.01645617 0.86173511
vt 0.01645617 0.86173511
vt 0.01645617 0.86173511
vt 0.01645617 0.86173511
vt 0.01645617 0.86173511
vt 0.01645617 0.86173511
vt 0.01645617 0.86173511
vt 0.01645617 0.86173511
vt 0.01645617 0.86173511
vt 0.01645617 0.86173511
vt 0.01645617 0.86173511
vt 0.01645617 0.86173511
vt 0.01645617 0.86173511
vt 0.01645617 0.86173511
vt 0.01645617 0.86173511
vt 0.01645617 0.86173511
vt 0.01645617 0.86173511
vt 0.01645617 0.86173511
vt 0.01645617 0.86173511
vt 0.01645617 0.86173511
vt 0.01645617 0.86173511
vt 0.01645617 0.86173511
vt 0.01645617 0.86173511
vt 0.01645617 0.86173511
vt 0.01645617 0.86173511
vt 0.01645617 0.86173511
vt 0.01645617 0.86173511
vt 0.01645617 0.86173511
vt 0.01645617 0.86173511
vt 0.01645617 0.86173511
vt 0.01645617 0.86173511
vt 0.01645617 0.86173511
vt 0.01645617 0.86173511
vt 0.01645617 0.86173511
vt 0.01645617 0.86173511
vt 0.01645617 0.86173511
vt 0.01645617 0.86173511
vt 0.01645617 0.86173511
vt 0.01645617 0.86173511
vt 0.01645617 0.86173511
vt 0.01645617 0.86173511
vt 0.01645617 0.86173511
vt 0.01645617 0.86173511
vt 0.01645617 0.86173511
vt 0.01645617 0.86173511
vt 0.01645617 0.86173511
vt 0.01645617 0.86173511
vt 0.01645617 0.86173511
vt 0.01645617 0.86173511
vt 0.01645617 0.86173511
vt 0.01645617 0.86173511
vt 0.01645617 0.86173511
vt 0.01645617 0.86173511
vt 0.01645617 0.86173511
vt 0.01645617 0.86173511
vt 0.01645617 0.86173511
vt 0.01645617 0.86173511
vt 0.01645617 0.86173511
vt 0.01645617 0.86173511
vt 0.01645617 0.86173511
vt 0.01645617 0.86173511
vt 0.01645617 0.86173511
vt 0.01645617 0.86173511
vt 0.01645617 0.86173511
vt 0.01645617 0.86173511
vt 0.01645617 0.86173511
vt 0.01645617 0.86173511
vt 0.01645617 0.86173511
vt 0.01645617 0.86173511
vt 0.01645617 0.86173511
vt 0.01645617 0.86173511
vt 0.04352478 0.86050469
vt 0.04352478 0.86050469
vt 0.04352478 0.86050469
vt 0.04352478 0.86050469
vt 0.04352478 0.86050469
vt 0.04352478 0.86050469
vt 0.04352478 0.86050469
vt 0.04352478 0.86050469
vt 0.04352478 0.86050469
vt 0.04352478 0.86050469
vt 0.04352478 0.86050469
vt 0.04352478 0.86050469
vt 0.04352478 0.86050469
vt 0.04352478 0.86050469
vt 0.04352478 0.86050469
vt 0.04352478 0.86050469
vt 0.04352478 0.86050469
vt 0.04352478 0.86050469
vt 0.04352478 0.86050469
vt 0.04352478 0.86050469
vt 0.04352478 0.86050469
vt 0.04352478 0.86050469
vt 0.04352478 0.86050469
vt 0.04352478 0.86050469
vt 0.04352478 0.86050469
vt 0.04352478 0.86050469
vt 0.04352478 0.86050469
vt 0.04352478 0.86050469
vt 0.04352478 0.86050469
vt 0.04352478 0.86050469
vt 0.04352478 0.86050469
vt 0.04352478 0.86050469
vt 0.04352478 0.86050469
vt 0.04352478 0.86050469
vt 0.04352478 0.86050469
vt 0.04352478 0.86050469
vt 0.04352478 0.86050469
vt 0.04352478 0.86050469
vt 0.04352478 0.86050469
vt 0.04352478 0.86050469
vt 0.04352478 0.86050469
vt 0.04352478 0.86050469
vt 0.04352478 0.86050469
vt 0.04352478 0.86050469
vt 0.04352478 0.86050469
vt 0.04352478 0.86050469
vt 0.04352478 0.86050469
vt 0.04352478 0.86050469
vt 0.04352478 0.86050469
vt 0.04352478 0.86050469
vt 0.04352478 0.86050469
vt 0.04352478 0.86050469
vt 0.04352478 0.86050469
vt 0.04352478 0.86050469
vt 0.04352478 0.86050469
vt 0.04352478 0.86050469
vt 0.04352478 0.86050469
vt 0.04352478 0.86050469
vt 0.04352478 0.86050469
vt 0.04352478 0.86050469
vt 0.04352478 0.86050469
vt 0.04352478 0.86050469
vt 0.04352478 0.86050469
vt 0.04352478 0.86050469
vt 0.04352478 0.86050469
vt 0.04352478 0.86050469
vt 0.04352478 0.86050469
vt 0.04352478 0.86050469
vt 0.04352478 0.86050469
vt 0.04352478 0.86050469
vt 0.04352478 0.86050469
vt 0.04352478 0.86050469
vt 0.04352478 0.86050469
vt 0.04352478 0.86050469
vt 0.04352478 0.86050469
vt 0.04352478 0.86050469
vt 0.04352478 0.86050469
vt 0.04352478 0.86050469
vt 0.04352478 0.86050469
vt 0.04352478 0.86050469
vt 0.04352478 0.86050469
vt 0.04352478 0.86050469
vt 0.04352478 0.86050469
vt 0.04352478 0.86050469
vt 0.04352478 0.86050469
vt 0.04352478 0.86050469
vt 0.04352478 0.86050469
vt 0.04352478 0.86050469
vt 0.04352478 0.86050469
vt 0.04352478 0.86050469
vt 0.04352478 0.86050469
vt 0.04352478 0.86050469
vt 0.04352478 0.86050469
vt 0.04352478 0.86050469
vt 0.04352478 0.86050469
vt 0.04352478 0.86050469
vt 0.04352478 0.86050469
vt 0.04352478 0.86050469
vt 0.04352478 0.86050469
vt 0.04352478 0.86050469
vt 0.04352478 0.86050469
vt 0.04352478 0.86050469
vt 0.04352478 0.86050469
vt 0.04352478 0.86050469
vt 0.04352478 0.86050469
vt 0.04352478 0.86050469
vt 0.04352478 0.86050469
vt 0.04352478 0.86050469
vt 0.04352478 0.86050469
vt 0.04352478 0.86050469
vt 0.04352478 0.86050469
vt 0.04352478 0.86050469
vt 0.04352478 0.86050469
vt 0.04352478 0.86050469
vt 0.04352478 0.86050469
vt 0.04352478 0.86050469
vt 0.04352478 0.86050469
vt 0.04352478 0.86050469
vt 0.04352478 0.86050469
vt 0.04352478 0.86050469
vt 0.04352478 0.86050469
vt 0.04352478 0.86050469
vt 0.04352478 0.86050469
vt 0.04352478 0.86050469
vt 0.04352478 0.86050469
vt 0.04352478 0.86050469
vt 0.04352478 0.86050469
vt 0.04352478 0.86050469
vt 0.04352478 0.86050469
vt 0.04352478 0.86050469
vt 0.04352478 0.86050469
vt 0.04352478 0.86050469
vt 0.04352478 0.86050469
vt 0.04352478 0.86050469
vt 0.04352478 0.86050469
vt 0.04352478 0.86050469
vt 0.04352478 0.86050469
vt 0.04352478 0.86050469
vt 0.04352478 0.86050469
vt 0.04352478 0.86050469
vt 0.04352478 0.86050469
vt 0.04352478 0.86050469
vt 0.04352478 0.86050469
vt 0.04352478 0.86050469
vt 0.04352478 0.86050469
vt 0.04352478 0.86050469
vt 0.04352478 0.86050469
vt 0.04352478 0.86050469
vt 0.04352478 0.86050469
vt 0.04352478 0.86050469
vt 0.04352478 0.86050469
vt 0.04352478 0.86050469
vt 0.04352478 0.86050469
vt 0.04352478 0.86050469
vt 0.04352478 0.86050469
vt 0.04352478 0.86050469
vt 0.04352478 0.86050469
vt 0.04352478 0.86050469
vt 0.04352478 0.86050469
vt 0.04352478 0.86050469
vt 0.04352478 0.86050469
vt 0.04352478 0.86050469
vt 0.04352478 0.86050469
vt 0.04352478 0.86050469
vt 0.04352478 0.86050469
vt 0.04352478 0.86050469
vt 0.04352478 0.86050469
vt 0.04352478 0.86050469
vt 0.04352478 0.86050469
vt 0.04352478 0.86050469
vt 0.04352478 0.86050469
vt 0.04352478 0.86050469
vt 0.04352478 0.86050469
vt 0.04352478 0.86050469
vt 0.04352478 0.86050469
vt 0.04352478 0.86050469
vt 0.04352478 0.86050469
vt 0.04352478 0.86050469
vt 0.04352478 0.86050469
vt 0.04352478 0.86050469
vt 0.04352478 0.86050469
vt 0.04352478 0.86050469
vt 0.04352478 0.86050469
vt 0.04352478 0.86050469
vt 0.04352478 0.86050469
vt 0.04352478 0.86050469
vt 0.04352478 0.86050469
vt 0.04352478 0.86050469
vt 0.04352478 0.86050469
vt 0.04352478 0.86050469
vt 0.04352478 0.86050469
vt 0.04352478 0.86050469
vt 0.04352478 0.86050469
vt 0.04352478 0.86050469
vt 0.04352478 0.86050469
vt 0.04352478 0.86050469
vt 0.04352478 0.86050469
vt 0.04352478 0.86050469
vt 0.04352478 0.86050469
vt 0.04352478 0.86050469
vt 0.04352478 0.86050469
vt 0.04352478 0.86050469
vt 0.04352478 0.86050469
vt 0.04352478 0.86050469
vt 0.04352478 0.86050469
vt 0.04352478 0.86050469
vt 0.04352478 0.86050469
vt 0.04352478 0.86050469
vt 0.04352478 0.86050469
vt 0.04352478 0.86050469
vt 0.04352478 0.86050469
vt 0.04352478 0.86050469
vt 0.04352478 0.86050469
vt 0.04352478 0.86050469
vt 0.04352478 0.86050469
vt 0.04352478 0.86050469
vt 0.04352478 0.86050469
vt 0.04352478 0.86050469
vt 0.04352478 0.86050469
vt 0.04352478 0.86050469
vt 0.04352478 0.86050469
vt 0.04352478 0.86050469
vt 0.04352478 0.86050469
vt 0.04352478 0.86050469
vt 0.04352478 0.86050469
vt 0.04352478 0.86050469
vt 0.04352478 0.86050469
vt 0.04352478 0.86050469
vt 0.04352478 0.86050469
vt 0.04352478 0.86050469
vt 0.04352478 0.86050469
vt 0.04352478 0.86050469
vt 0.04352478 0.86050469
vt 0.04352478 0.86050469
vt 0.04352478 0.86050469
vt 0.04352478 0.86050469
vt 0.04352478 0.86050469
vt 0.04352478 0.86050469
vt 0.04352478 0.86050469
vt 0.04352478 0.86050469
vt 0.04352478 0.86050469
vt 0.04352478 0.86050469
vt 0.04352478 0.86050469
vt 0.04352478 0.86050469
vt 0.04352478 0.86050469
vt 0.04352478 0.86050469
vt 0.04352478 0.86050469
vt 0.04352478 0.86050469
vt 0.04352478 0.86050469
vt 0.04352478 0.86050469
vt 0.04352478 0.86050469
vt 0.04352478 0.86050469
vt 0.04352478 0.86050469
vt 0.04352478 0.86050469
vt 0.04352478 0.86050469
vt 0.04352478 0.86050469
vt 0.04352478 0.86050469
vt 0.04352478 0.86050469
vt 0.04352478 0.86050469
vt 0.04352478 0.86050469
vt 0.04352478 0.86050469
vt 0.04352478 0.86050469
vt 0.04352478 0.86050469
vt 0.04352478 0.86050469
vt 0.04352478 0.86050469
vt 0.04352478 0.86050469
vt 0.04352478 0.86050469
vt 0.04352478 0.86050469
vt 0.04352478 0.86050469
vt 0.04352478 0.86050469
vt 0.04352478 0.86050469
vt 0.04352478 0.86050469
vt 0.04352478 0.86050469
vt 0.04352478 0.86050469
vt 0.04352478 0.86050469
vt 0.04352478 0.86050469
vt 0.04352478 0.86050469
vt 0.04352478 0.86050469
vt 0.04352478 0.86050469
vt 0.04352478 0.86050469
vt 0.04352478 0.86050469
vt 0.04352478 0.86050469
vt 0.04352478 0.86050469
vt 0.04352478 0.86050469
vt 0.04352478 0.86050469
vt 0.04352478 0.86050469
vt 0.04352478 0.86050469
vt 0.04352478 0.86050469
vt 0.04352478 0.86050469
vt 0.04352478 0.86050469
vt 0.04352478 0.86050469
vt 0.04352478 0.86050469
vt 0.04352478 0.86050469
vt 0.04352478 0.86050469
vt 0.04352478 0.86050469
vt 0.04352478 0.86050469
vt 0.04352478 0.86050469
vt 0.04352478 0.86050469
vt 0.04352478 0.86050469
vt 0.04352478 0.86050469
vt 0.04352478 0.86050469
vt 0.04352478 0.86050469
vt 0.04352478 0.86050469
vt 0.04352478 0.86050469
vt 0.04352478 0.86050469
vt 0.04352478 0.86050469
vt 0.04352478 0.86050469
vt 0.04352478 0.86050469
vt 0.04352478 0.86050469
vt 0.04352478 0.86050469
vt 0.04352478 0.86050469
vt 0.04352478 0.86050469
vt 0.04352478 0.86050469
vt 0.04352478 0.86050469
vt 0.04352478 0.86050469
vt 0.04352478 0.86050469
vt 0.04352478 0.86050469
vt 0.04352478 0.86050469
vt 0.04352478 0.86050469
vt 0.04352478 0.86050469
vt 0.04352478 0.86050469
vt 0.04352478 0.86050469
vt 0.04352478 0.86050469
vt 0.04352478 0.86050469
vt 0.04352478 0.86050469
vt 0.04352478 0.86050469
vt 0.04352478 0.86050469
vt 0.04352478 0.86050469
vt 0.04352478 0.86050469
vt 0.04352478 0.86050469
vt 0.04352478 0.86050469
vt 0.04352478 0.86050469
vt 0.04352478 0.86050469
vt 0.04352478 0.86050469
vt 0.04352478 0.86050469
vt 0.04352478 0.86050469
vt 0.04352478 0.86050469
vt 0.04352478 0.86050469
vt 0.04352478 0.86050469
vt 0.04352478 0.86050469
vt 0.04352478 0.86050469
vt 0.04352478 0.86050469
vt 0.04352478 0.86050469
vt 0.04352478 0.86050469
vt 0.04352478 0.86050469
vt 0.04352478 0.86050469
vt 0.04352478 0.86050469
vt 0.04352478 0.86050469
vt 0.04352478 0.86050469
vt 0.04352478 0.86050469
vt 0.04352478 0.86050469
vt 0.04352478 0.86050469
vt 0.04352478 0.86050469
vt 0.04352478 0.86050469
vt 0.04352478 0.86050469
vt 0.04352478 0.86050469
vt 0.04352478 0.86050469
vt 0.04352478 0.86050469
vt 0.04352478 0.86050469
vt 0.04352478 0.86050469
vt 0.04352478 0.86050469
vt 0.04352478 0.86050469
vt 0.04352478 0.86050469
vt 0.04352478 0.86050469
vt 0.04352478 0.86050469
vt 0.04352478 0.86050469
vt 0.04352478 0.86050469
vt 0.04352478 0.86050469
vt 0.04352478 0.86050469
vt 0.04352478 0.86050469
vt 0.04352478 0.86050469
vt 0.04352478 0.86050469
vt 0.04352478 0.86050469
vt 0.04352478 0.86050469
vt 0.04352478 0.86050469
vt 0.04352478 0.86050469
vt 0.04352478 0.86050469
vt 0.04352478 0.86050469
vt 0.04352478 0.86050469
vt 0.04352478 0.86050469
vt 0.04352478 0.86050469
vt 0.04352478 0.86050469
vt 0.04352478 0.86050469
vt 0.04352478 0.86050469
vt 0.04352478 0.86050469
vt 0.04352478 0.86050469
vt 0.04352478 0.86050469
vt 0.04352478 0.86050469
vt 0.04352478 0.86050469
vt 0.04352478 0.86050469
vt 0.04352478 0.86050469
vt 0.04352478 0.86050469
vt 0.04352478 0.86050469
vt 0.04352478 0.86050469
vt 0.04352478 0.86050469
vt 0.04352478 0.86050469
vt 0.04352478 0.86050469
vt 0.04352478 0.86050469
vt 0.04352478 0.86050469
vt 0.04352478 0.86050469
vt 0.04352478 0.86050469
vt 0.04352478 0.86050469
vt 0.04352478 0.86050469
vt 0.04352478 0.86050469
vt 0.04352478 0.86050469
vt 0.04352478 0.86050469
vt 0.04352478 0.86050469
vt 0.04352478 0.86050469
vt 0.04352478 0.86050469
vt 0.04352478 0.86050469
vt 0.04352478 0.86050469
vt 0.04352478 0.86050469
vt 0.04352478 0.86050469
vt 0.04352478 0.86050469
vt 0.04352478 0.86050469
vt 0.04352478 0.86050469
vt 0.04352478 0.86050469
vt 0.04352478 0.86050469
vt 0.04352478 0.86050469
vt 0.04352478 0.86050469
vt 0.04352478 0.86050469
vt 0.04352478 0.86050469
vt 0.04352478 0.86050469
vt 0.04352478 0.86050469
vt 0.04352478 0.86050469
vt 0.04352478 0.86050469
vt 0.04352478 0.86050469
vt 0.04352478 0.86050469
vt 0.04352478 0.86050469
vt 0.04352478 0.86050469
vt 0.04352478 0.86050469
vt 0.04352478 0.86050469
vt 0.04352478 0.86050469
vt 0.04352478 0.86050469
vt 0.04352478 0.86050469
vt 0.04352478 0.86050469
vt 0.04352478 0.86050469
vt 0.04352478 0.86050469
vt 0.04352478 0.86050469
vt 0.04352478 0.86050469
vt 0.04352478 0.86050469
vt 0.04352478 0.86050469
vt 0.04352478 0.86050469
vt 0.04352478 0.86050469
vt 0.04352478 0.86050469
vt 0.04352478 0.86050469
vt 0.04352478 0.86050469
vt 0.04352478 0.86050469
vt 0.04352478 0.86050469
vt 0.04352478 0.86050469
vt 0.04352478 0.86050469
vt 0.04352478 0.86050469
vt 0.04352478 0.86050469
vt 0.04352478 0.86050469
vt 0.04352478 0.86050469
vt 0.04352478 0.86050469
vt 0.04352478 0.86050469
vt 0.04352478 0.86050469
vt 0.04352478 0.86050469
vt 0.04352478 0.86050469
vt 0.04352478 0.86050469
vt 0.04352478 0.86050469
vt 0.04352478 0.86050469
vt 0.04352478 0.86050469
vt 0.04352478 0.86050469
vt 0.04352478 0.86050469
vt 0.04352478 0.86050469
vt 0.04352478 0.86050469
vt 0.04352478 0.86050469
vt 0.04352478 0.86050469
vt 0.04352478 0.86050469
vt 0.04352478 0.86050469
vt 0.04352478 0.86050469
vt 0.04352478 0.86050469
vt 0.04352478 0.86050469
vt 0.04352478 0.86050469
vt 0.04352478 0.86050469
vt 0.04352478 0.86050469
vt 0.04352478 0.86050469
vt 0.04352478 0.86050469
vt 0.04352478 0.86050469
vt 0.04352478 0.86050469
vt 0.04352478 0.86050469
vt 0.04352478 0.86050469
vt 0.04352478 0.86050469
vt 0.04352478 0.86050469
vt 0.04352478 0.86050469
vt 0.04352478 0.86050469
vt 0.04352478 0.86050469
vt 0.04352478 0.86050469
vt 0.04352478 0.86050469
vt 0.04352478 0.86050469
vt 0.04352478 0.86050469
vt 0.04352478 0.86050469
vt 0.04352478 0.86050469
vt 0.04352478 0.86050469
vt 0.04352478 0.86050469
vt 0.04352478 0.86050469
vt 0.04352478 0.86050469
vt 0.04352478 0.86050469
vt 0.04352478 0.86050469
vt 0.04352478 0.86050469
vt 0.04352478 0.86050469
vt 0.04352478 0.86050469
vt 0.04352478 0.86050469
vt 0.04352478 0.86050469
vt 0.04352478 0.86050469
vt 0.04352478 0.86050469
vt 0.04352478 0.86050469
vt 0.04352478 0.86050469
vt 0.04352478 0.86050469
vt 0.04352478 0.86050469
vt 0.04352478 0.86050469
vt 0.04352478 0.86050469
vt 0.04352478 0.86050469
vt 0.04352478 0.86050469
vt 0.04352478 0.86050469
vt 0.04352478 0.86050469
vt 0.04352478 0.86050469
vt 0.04352478 0.86050469
vt 0.04352478 0.86050469
vt 0.04352478 0.86050469
vt 0.04352478 0.86050469
vt 0.04352478 0.86050469
vt 0.04352478 0.86050469
vt 0.04352478 0.86050469
vt 0.04352478 0.86050469
vt 0.04352478 0.86050469
vt 0.04352478 0.86050469
vt 0.04352478 0.86050469
vt 0.04352478 0.86050469
vt 0.04352478 0.86050469
vt 0.04352478 0.86050469
vt 0.04352478 0.86050469
vt 0.04352478 0.86050469
vt 0.04352478 0.86050469
vt 0.04352478 0.86050469
vt 0.04352478 0.86050469
vt 0.04352478 0.86050469
vt 0.04352478 0.86050469
vt 0.04352478 0.86050469
vt 0.04352478 0.86050469
vt 0.04352478 0.86050469
vt 0.04352478 0.86050469
vt 0.04352478 0.86050469
vt 0.04352478 0.86050469
vt 0.04352478 0.86050469
vt 0.04352478 0.86050469
vt 0.04352478 0.86050469
vt 0.04352478 0.86050469
vt 0.04352478 0.86050469
vt 0.04352478 0.86050469
vt 0.04352478 0.86050469
vt 0.04352478 0.86050469
vt 0.04352478 0.86050469
vt 0.04352478 0.86050469
vt 0.04352478 0.86050469
vt 0.04352478 0.86050469
vt 0.04352478 0.86050469
vt 0.04352478 0.86050469
vt 0.04352478 0.86050469
vt 0.04352478 0.86050469
vt 0.04352478 0.86050469
vt 0.04352478 0.86050469
vt 0.04352478 0.86050469
vt 0.04352478 0.86050469
vt 0.04352478 0.86050469
vt 0.04352478 0.86050469
vt 0.04352478 0.86050469
vt 0.04352478 0.86050469
vt 0.04352478 0.86050469
vt 0.04352478 0.86050469
vt 0.04352478 0.86050469
vt 0.04352478 0.86050469
vt 0.04352478 0.86050469
vt 0.04352478 0.86050469
vt 0.04352478 0.86050469
vt 0.04352478 0.86050469
vt 0.04352478 0.86050469
vt 0.04352478 0.86050469
vt 0.04352478 0.86050469
vt 0.04352478 0.86050469
vt 0.04352478 0.86050469
vt 0.04352478 0.86050469
vt 0.04352478 0.86050469
vt 0.04352478 0.86050469
vt 0.04352478 0.86050469
vt 0.04352478 0.86050469
vt 0.04352478 0.86050469
vt 0.04352478 0.86050469
vt 0.04352478 0.86050469
vt 0.04352478 0.86050469
vt 0.04352478 0.86050469
vt 0.04352478 0.86050469
vt 0.04352478 0.86050469
vt 0.04352478 0.86050469
vt 0.04352478 0.86050469
vt 0.04352478 0.86050469
vt 0.04352478 0.86050469
vt 0.04352478 0.86050469
vt 0.04352478 0.86050469
vt 0.04352478 0.86050469
vt 0.04352478 0.86050469
vt 0.04352478 0.86050469
vt 0.04352478 0.86050469
vt 0.04352478 0.86050469
vt 0.04352478 0.86050469
vt 0.04352478 0.86050469
vt 0.04352478 0.86050469
vt 0.04352478 0.86050469
vt 0.04352478 0.86050469
vt 0.04352478 0.86050469
vt 0.04352478 0.86050469
vt 0.04352478 0.86050469
vt 0.04352478 0.86050469
vt 0.04352478 0.86050469
vt 0.04352478 0.86050469
vt 0.04352478 0.86050469
vt 0.04352478 0.86050469
vt 0.04352478 0.86050469
vt 0.04352478 0.86050469
vt 0.04352478 0.86050469
vt 0.04352478 0.86050469
vt 0.04352478 0.86050469
vt 0.04352478 0.86050469
vt 0.04352478 0.86050469
vt 0.04352478 0.86050469
vt 0.04352478 0.86050469
vt 0.04352478 0.86050469
vt 0.04352478 0.86050469
vt 0.04352478 0.86050469
vt 0.04352478 0.86050469
vt 0.04352478 0.86050469
vt 0.04352478 0.86050469
vt 0.04352478 0.86050469
vt 0.04352478 0.86050469
vt 0.04352478 0.86050469
vt 0.04352478 0.86050469
vt 0.04352478 0.86050469
vt 0.04352478 0.86050469
vt 0.04352478 0.86050469
vt 0.04352478 0.86050469
vt 0.04352478 0.86050469
vt 0.04352478 0.86050469
vt 0.04352478 0.86050469
vt 0.04352478 0.86050469
vt 0.04352478 0.86050469
vt 0.04352478 0.86050469
vt 0.04352478 0.86050469
vt 0.04352478 0.86050469
vt 0.04352478 0.86050469
vt 0.04352478 0.86050469
vt 0.04352478 0.86050469
vt 0.04352478 0.86050469
vt 0.04352478 0.86050469
vt 0.04352478 0.86050469
vt 0.04352478 0.86050469
vt 0.04352478 0.86050469
vt 0.04352478 0.86050469
vt 0.04352478 0.86050469
vt 0.04352478 0.86050469
vt 0.04352478 0.86050469
vt 0.04352478 0.86050469
vt 0.04352478 0.86050469
vt 0.04352478 0.86050469
vt 0.04352478 0.86050469
vt 0.04352478 0.86050469
vt 0.04352478 0.86050469
vt 0.04352478 0.86050469
vt 0.04352478 0.86050469
vt 0.04352478 0.86050469
vt 0.04352478 0.86050469
vt 0.04352478 0.86050469
vt 0.04352478 0.86050469
vt 0.04352478 0.86050469
vt 0.04352478 0.86050469
vt 0.04352478 0.86050469
vt 0.04352478 0.86050469
vt 0.04352478 0.86050469
vt 0.04352478 0.86050469
vt 0.04352478 0.86050469
vt 0.04352478 0.86050469
vt 0.04352478 0.86050469
vt 0.04352478 0.86050469
vt 0.04352478 0.86050469
vt 0.04352478 0.86050469
vt 0.04352478 0.86050469
vt 0.04352478 0.86050469
vt 0.04352478 0.86050469
vt 0.04352478 0.86050469
vt 0.04352478 0.86050469
vt 0.04352478 0.86050469
vt 0.04352478 0.86050469
vt 0.04352478 0.86050469
vt 0.04352478 0.86050469
vt 0.04352478 0.86050469
vt 0.04352478 0.86050469
vt 0.04352478 0.86050469
vt 0.04352478 0.86050469
vt 0.04352478 0.86050469
vt 0.04352478 0.86050469
vt 0.04352478 0.86050469
vt 0.04352478 0.86050469
vt 0.04352478 0.86050469
vt 0.04352478 0.86050469
vt 0.04352478 0.86050469
vt 0.04352478 0.86050469
vt 0.04352478 0.86050469
vt 0.04352478 0.86050469
vt 0.04352478 0.86050469
vt 0.04352478 0.86050469
vt 0.04352478 0.86050469
vt 0.04352478 0.86050469
vt 0.04352478 0.86050469
vt 0.04352478 0.86050469
vt 0.04352478 0.86050469
vt 0.04352478 0.86050469
vt 0.04352478 0.86050469
vt 0.04352478 0.86050469
vt 0.04352478 0.86050469
vt 0.04352478 0.86050469
vt 0.04352478 0.86050469
vt 0.04352478 0.86050469
vt 0.04352478 0.86050469
vt 0.04352478 0.86050469
vt 0.04352478 0.86050469
vt 0.04352478 0.86050469
vt 0.04352478 0.86050469
vt 0.04352478 0.86050469
vt 0.04352478 0.86050469
vt 0.04352478 0.86050469
vt 0.04352478 0.86050469
vt 0.04352478 0.86050469
vt 0.04352478 0.86050469
vt 0.04352478 0.86050469
vt 0.04352478 0.86050469
vt 0.04352478 0.86050469
vt 0.04352478 0.86050469
vt 0.04352478 0.86050469
vt 0.04352478 0.86050469
vt 0.04352478 0.86050469
vt 0.04352478 0.86050469
vt 0.04352478 0.86050469
vt 0.04352478 0.86050469
vt 0.04352478 0.86050469
vt 0.04352478 0.86050469
vt 0.04352478 0.86050469
vt 0.04352478 0.86050469
vt 0.04352478 0.86050469
vt 0.04352478 0.86050469
vt 0.04352478 0.86050469
vt 0.04352478 0.86050469
vt 0.04352478 0.86050469
vt 0.04352478 0.86050469
vt 0.04352478 0.86050469
vt 0.04352478 0.86050469
vt 0.04352478 0.86050469
vt 0.04352478 0.86050469
vt 0.04352478 0.86050469
vt 0.04352478 0.86050469
vt 0.04352478 0.86050469
vt 0.04352478 0.86050469
vt 0.04352478 0.86050469
vt 0.04352478 0.86050469
vt 0.04352478 0.86050469
vt 0.04352478 0.86050469
vt 0.04352478 0.86050469
vt 0.04352478 0.86050469
vt 0.04352478 0.86050469
vt 0.04352478 0.86050469
vt 0.04352478 0.86050469
vt 0.04352478 0.86050469
vt 0.04352478 0.86050469
vt 0.04352478 0.86050469
vt 0.04352478 0.86050469
vt 0.04352478 0.86050469
vt 0.04352478 0.86050469
vt 0.04352478 0.86050469
vt 0.04352478 0.86050469
vt 0.04352478 0.86050469
vt 0.04352478 0.86050469
vt 0.04352478 0.86050469
vt 0.04352478 0.86050469
vt 0.04352478 0.86050469
vt 0.04352478 0.86050469
vt 0.04352478 0.86050469
vt 0.04352478 0.86050469
vt 0.04352478 0.86050469
vt 0.04352478 0.86050469
vt 0.04352478 0.86050469
vt 0.04352478 0.86050469
vt 0.04352478 0.86050469
vt 0.04352478 0.86050469
vt 0.04352478 0.86050469
vt 0.04352478 0.86050469
vt 0.04352478 0.86050469
vt 0.04352478 0.86050469
vt 0.04352478 0.86050469
vt 0.04352478 0.86050469
vt 0.04352478 0.86050469
vt 0.04352478 0.86050469
vt 0.04352478 0.86050469
vt 0.04352478 0.86050469
vt 0.04352478 0.86050469
vt 0.04352478 0.86050469
vt 0.04352478 0.86050469
vt 0.04352478 0.86050469
vt 0.04352478 0.86050469
vt 0.04352478 0.86050469
vt 0.04352478 0.86050469
vt 0.04352478 0.86050469
vt 0.04352478 0.86050469
vt 0.04352478 0.86050469
vt 0.04352478 0.86050469
vt 0.04352478 0.86050469
vt 0.04352478 0.86050469
vt 0.04352478 0.86050469
vt 0.04352478 0.86050469
vt 0.04352478 0.86050469
vt 0.04352478 0.86050469
vt 0.04352478 0.86050469
vt 0.04352478 0.86050469
vt 0.04352478 0.86050469
vt 0.04352478 0.86050469
vt 0.04352478 0.86050469
vt 0.04352478 0.86050469
vt 0.04352478 0.86050469
vt 0.04352478 0.86050469
vt 0.04352478 0.86050469
vt 0.04352478 0.86050469
vt 0.04352478 0.86050469
vt 0.04352478 0.86050469
vt 0.04352478 0.86050469
vt 0.04352478 0.86050469
vt 0.04352478 0.86050469
vt 0.04352478 0.86050469
vt 0.04352478 0.86050469
vt 0.04352478 0.86050469
vt 0.04352478 0.86050469
vt 0.04352478 0.86050469
vt 0.04352478 0.86050469
vt 0.04352478 0.86050469
vt 0.04352478 0.86050469
vt 0.04352478 0.86050469
vt 0.04352478 0.86050469
vt 0.04352478 0.86050469
vt 0.04352478 0.86050469
vt 0.04352478 0.86050469
vt 0.04352478 0.86050469
vt 0.04352478 0.86050469
vt 0.04352478 0.86050469
vt 0.04352478 0.86050469
vt 0.04352478 0.86050469
vt 0.04352478 0.86050469
vt 0.04352478 0.86050469
vt 0.04352478 0.86050469
vt 0.04352478 0.86050469
vt 0.04352478 0.86050469
vt 0.04352478 0.86050469
vt 0.04352478 0.86050469
vt 0.04352478 0.86050469
vt 0.04352478 0.86050469
vt 0.04352478 0.86050469
vt 0.04352478 0.86050469
vt 0.04352478 0.86050469
vt 0.04352478 0.86050469
vt 0.04352478 0.86050469
vt 0.04352478 0.86050469
vt 0.04352478 0.86050469
vt 0.04352478 0.86050469
vt 0.04352478 0.86050469
vt 0.04352478 0.86050469
vt 0.04352478 0.86050469
vt 0.04352478 0.86050469
vt 0.04352478 0.86050469
vt 0.04352478 0.86050469
vt 0.04352478 0.86050469
vt 0.04352478 0.86050469
vt 0.04352478 0.86050469
vt 0.04352478 0.86050469
vt 0.04352478 0.86050469
vt 0.04352478 0.86050469
vt 0.04352478 0.86050469
vt 0.04352478 0.86050469
vt 0.04352478 0.86050469
vt 0.04352478 0.86050469
vt 0.04352478 0.86050469
vt 0.04352478 0.86050469
vt 0.04352478 0.86050469
vt 0.04352478 0.86050469
vt 0.04352478 0.86050469
vt 0.04352478 0.86050469
vt 0.04352478 0.86050469
vt 0.04352478 0.86050469
vt 0.04352478 0.86050469
vt 0.04352478 0.86050469
vt 0.04352478 0.86050469
vt 0.04352478 0.86050469
vt 0.04352478 0.86050469
vt 0.04352478 0.86050469
vt 0.04352478 0.86050469
vt 0.04352478 0.86050469
vt 0.04352478 0.86050469
vt 0.04352478 0.86050469
vt 0.04352478 0.86050469
vt 0.04352478 0.86050469
vt 0.04352478 0.86050469
vt 0.04352478 0.86050469
vt 0.04352478 0.86050469
vt 0.04352478 0.86050469
vt 0.04352478 0.86050469
vt 0.04352478 0.86050469
vt 0.04352478 0.86050469
vt 0.04352478 0.86050469
vt 0.04352478 0.86050469
vt 0.04352478 0.86050469
vt 0.04352478 0.86050469
vt 0.04352478 0.86050469
vt 0.04352478 0.86050469
vt 0.04352478 0.86050469
vt 0.04352478 0.86050469
vt 0.04352478 0.86050469
vt 0.04352478 0.86050469
vt 0.04352478 0.86050469
vt 0.04352478 0.86050469
vt 0.04352478 0.86050469
vt 0.04352478 0.86050469
vt 0.04352478 0.86050469
vt 0.04352478 0.86050469
vt 0.04352478 0.86050469
vt 0.04352478 0.86050469
vt 0.04352478 0.86050469
vt 0.04352478 0.86050469
vt 0.04352478 0.86050469
vt 0.04352478 0.86050469
vt 0.04352478 0.86050469
vt 0.04352478 0.86050469
vt 0.04352478 0.86050469
vt 0.04352478 0.86050469
vt 0.04352478 0.86050469
vt 0.04352478 0.86050469
vt 0.04352478 0.86050469
vt 0.04352478 0.86050469
vt 0.04352478 0.86050469
vt 0.04352478 0.86050469
vt 0.04352478 0.86050469
vt 0.04352478 0.86050469
vt 0.04352478 0.86050469
vt 0.04352478 0.86050469
vt 0.04352478 0.86050469
vt 0.04352478 0.86050469
vt 0.04352478 0.86050469
vt 0.04352478 0.86050469
vt 0.04352478 0.86050469
vt 0.04352478 0.86050469
vt 0.04352478 0.86050469
vt 0.04352478 0.86050469
vt 0.04352478 0.86050469
vt 0.04352478 0.86050469
vt 0.04352478 0.86050469
vt 0.04352478 0.86050469
vt 0.04352478 0.86050469
vt 0.04352478 0.86050469
vt 0.04352478 0.86050469
vt 0.04352478 0.86050469
vt 0.04352478 0.86050469
vt 0.04352478 0.86050469
vt 0.04352478 0.86050469
vt 0.04352478 0.86050469
vt 0.04352478 0.86050469
vt 0.04352478 0.86050469
vt 0.04352478 0.86050469
vt 0.04352478 0.86050469
vt 0.04352478 0.86050469
vt 0.04352478 0.86050469
vt 0.04352478 0.86050469
vt 0.04352478 0.86050469
vt 0.04352478 0.86050469
vt 0.04352478 0.86050469
vt 0.04352478 0.86050469
vt 0.04352478 0.86050469
vt 0.04352478 0.86050469
vt 0.04352478 0.86050469
vt 0.04352478 0.86050469
vt 0.04352478 0.86050469
vt 0.04352478 0.86050469
vt 0.04352478 0.86050469
vt 0.04352478 0.86050469
vt 0.04352478 0.86050469
vt 0.04352478 0.86050469
vt 0.04352478 0.86050469
vt 0.04352478 0.86050469
vt 0.04352478 0.86050469
vt 0.04352478 0.86050469
vt 0.04352478 0.86050469
vt 0.04352478 0.86050469
vt 0.04352478 0.86050469
vt 0.04352478 0.86050469
vt 0.04352478 0.86050469
vt 0.04352478 0.86050469
vt 0.04352478 0.86050469
vt 0.04352478 0.86050469
vt 0.04352478 0.86050469
vt 0.04352478 0.86050469
vt 0.04352478 0.86050469
vt 0.04352478 0.86050469
vt 0.04352478 0.86050469
vt 0.04352478 0.86050469
vt 0.04352478 0.86050469
vt 0.04352478 0.86050469
vt 0.04352478 0.86050469
vt 0.04352478 0.86050469
vt 0.04352478 0.86050469
vt 0.04352478 0.86050469
vt 0.04352478 0.86050469
vt 0.04352478 0.86050469
vt 0.04352478 0.86050469
vt 0.04352478 0.86050469
vt 0.04352478 0.86050469
vt 0.04352478 0.86050469
vt 0.04352478 0.86050469
vt 0.04352478 0.86050469
vt 0.04352478 0.86050469
vt 0.04352478 0.86050469
vt 0.04352478 0.86050469
vt 0.04352478 0.86050469
vt 0.04352478 0.86050469
vt 0.04352478 0.86050469
vt 0.04352478 0.86050469
vt 0.04352478 0.86050469
vt 0.04352478 0.86050469
vt 0.04352478 0.86050469
vt 0.04352478 0.86050469
vt 0.04352478 0.86050469
vt 0.04352478 0.86050469
vt 0.04352478 0.86050469
vt 0.04352478 0.86050469
vt 0.04352478 0.86050469
vt 0.04352478 0.86050469
vt 0.04352478 0.86050469
vt 0.04352478 0.86050469
vt 0.04352478 0.86050469
vt 0.04352478 0.86050469
vt 0.04352478 0.86050469
vt 0.04352478 0.86050469
vt 0.04352478 0.86050469
vt 0.04352478 0.86050469
vt 0.04352478 0.86050469
vt 0.04352478 0.86050469
vt 0.04352478 0.86050469
vt 0.04352478 0.86050469
vt 0.04352478 0.86050469
vt 0.04352478 0.86050469
vt 0.04352478 0.86050469
vt 0.04352478 0.86050469
vt 0.04352478 0.86050469
vt 0.04352478 0.86050469
vt 0.04352478 0.86050469
vt 0.04352478 0.86050469
vt 0.04352478 0.86050469
vt 0.04352478 0.86050469
vt 0.04352478 0.86050469
vt 0.04352478 0.86050469
vt 0.04352478 0.86050469
vt 0.04352478 0.86050469
vt 0.04352478 0.86050469
vt 0.04352478 0.86050469
vt 0.04352478 0.86050469
vt 0.04352478 0.86050469
vt 0.04352478 0.86050469
vt 0.04352478 0.86050469
vt 0.04352478 0.86050469
vt 0.04352478 0.86050469
vt 0.04352478 0.86050469
vt 0.04352478 0.86050469
vt 0.04352478 0.86050469
vt 0.04352478 0.86050469
vt 0.04352478 0.86050469
vt 0.04352478 0.86050469
vt 0.04352478 0.86050469
vt 0.04352478 0.86050469
vt 0.04352478 0.86050469
vt 0.04352478 0.86050469
vt 0.04352478 0.86050469
vt 0.04352478 0.86050469
vt 0.04352478 0.86050469
vt 0.04352478 0.86050469
vt 0.04352478 0.86050469
vt 0.04352478 0.86050469
vt 0.04352478 0.86050469
vt 0.04352478 0.86050469
vt 0.04352478 0.86050469
vt 0.04352478 0.86050469
vt 0.04352478 0.86050469
vt 0.04352478 0.86050469
vt 0.04352478 0.86050469
vt 0.04352478 0.86050469
vt 0.04352478 0.86050469
vt 0.04352478 0.86050469
vt 0.04352478 0.86050469
vt 0.04352478 0.86050469
vt 0.04352478 0.86050469
vt 0.04352478 0.86050469
vt 0.04352478 0.86050469
vt 0.04352478 0.86050469
vt 0.04352478 0.86050469
vt 0.04352478 0.86050469
vt 0.04352478 0.86050469
vt 0.04352478 0.86050469
vt 0.04352478 0.86050469
vt 0.04352478 0.86050469
vt 0.04352478 0.86050469
vt 0.04352478 0.86050469
vt 0.04352478 0.86050469
vt 0.04352478 0.86050469
vt 0.04352478 0.86050469
vt 0.04352478 0.86050469
vt 0.04352478 0.86050469
vt 0.04352478 0.86050469
vt 0.04352478 0.86050469
vt 0.04352478 0.86050469
vt 0.04352478 0.86050469
vt 0.04352478 0.86050469
vt 0.04352478 0.86050469
vt 0.04352478 0.86050469
vt 0.04352478 0.86050469
vt 0.04352478 0.86050469
vt 0.04352478 0.86050469
vt 0.04352478 0.86050469
vt 0.04352478 0.86050469
vt 0.04352478 0.86050469
vt 0.04352478 0.86050469
vt 0.04352478 0.86050469
vt 0.04352478 0.86050469
vt 0.04352478 0.86050469
vt 0.04352478 0.86050469
vt 0.04352478 0.86050469
vt 0.04352478 0.86050469
vt 0.04352478 0.86050469
vt 0.04352478 0.86050469
vt 0.04352478 0.86050469
vt 0.04352478 0.86050469
vt 0.04352478 0.86050469
vt 0.04352478 0.86050469
vt 0.04352478 0.86050469
vt 0.04352478 0.86050469
vt 0.04352478 0.86050469
vt 0.04352478 0.86050469
vt 0.04352478 0.86050469
vt 0.04352478 0.86050469
vt 0.04352478 0.86050469
vt 0.04352478 0.86050469
vt 0.04352478 0.86050469
vt 0.04352478 0.86050469
vt 0.04352478 0.86050469
vt 0.04352478 0.86050469
vt 0.04352478 0.86050469
vt 0.04352478 0.86050469
vt 0.04352478 0.86050469
vt 0.04352478 0.86050469
vt 0.04352478 0.86050469
vt 0.04352478 0.86050469
vt 0.04352478 0.86050469
vt 0.04352478 0.86050469
vt 0.04352478 0.86050469
vt 0.04352478 0.86050469
vt 0.04352478 0.86050469
vt 0.04352478 0.86050469
vt 0.04352478 0.86050469
vt 0.04352478 0.86050469
vt 0.04352478 0.86050469
vt 0.04352478 0.86050469
vt 0.04352478 0.86050469
vt 0.04352478 0.86050469
vt 0.04352478 0.86050469
vt 0.04352478 0.86050469
vt 0.04352478 0.86050469
vt 0.04352478 0.86050469
vt 0.04352478 0.86050469
vt 0.04352478 0.86050469
vt 0.04352478 0.86050469
vt 0.04352478 0.86050469
vt 0.04352478 0.86050469
vt 0.04352478 0.86050469
vt 0.04352478 0.86050469
vt 0.04352478 0.86050469
vt 0.04352478 0.86050469
vt 0.04352478 0.86050469
vt 0.04352478 0.86050469
vt 0.04352478 0.86050469
vt 0.04352478 0.86050469
vt 0.04352478 0.86050469
vt 0.04352478 0.86050469
vt 0.04352478 0.86050469
vt 0.04352478 0.86050469
vt 0.04352478 0.86050469
vt 0.04352478 0.86050469
vt 0.04352478 0.86050469
vt 0.04352478 0.86050469
vt 0.04352478 0.86050469
vt 0.04352478 0.86050469
vt 0.04352478 0.86050469
vt 0.04352478 0.86050469
vt 0.04352478 0.86050469
vt 0.04352478 0.86050469
vt 0.04352478 0.86050469
vt 0.04352478 0.86050469
vt 0.04352478 0.86050469
vt 0.04352478 0.86050469
vt 0.04352478 0.86050469
vt 0.04352478 0.86050469
vt 0.04352478 0.86050469
vt 0.04352478 0.86050469
vt 0.04352478 0.86050469
vt 0.04352478 0.86050469
vt 0.04352478 0.86050469
vt 0.04352478 0.86050469
vt 0.04352478 0.86050469
vt 0.04352478 0.86050469
vt 0.04352478 0.86050469
vt 0.04352478 0.86050469
vt 0.04352478 0.86050469
vt 0.04352478 0.86050469
vt 0.04352478 0.86050469
vt 0.04352478 0.86050469
vt 0.04352478 0.86050469
vt 0.04352478 0.86050469
vt 0.04352478 0.86050469
vt 0.04352478 0.86050469
vt 0.04352478 0.86050469
vt 0.04352478 0.86050469
vt 0.04352478 0.86050469
vt 0.04352478 0.86050469
vt 0.04352478 0.86050469
vt 0.04352478 0.86050469
vt 0.04352478 0.86050469
vt 0.04352478 0.86050469
vt 0.04352478 0.86050469
vt 0.04352478 0.86050469
vt 0.04352478 0.86050469
vt 0.04352478 0.86050469
vt 0.04352478 0.86050469
vt 0.04352478 0.86050469
vt 0.04352478 0.86050469
vt 0.04352478 0.86050469
vt 0.04352478 0.86050469
vt 0.04352478 0.86050469
vt 0.04352478 0.86050469
vt 0.04352478 0.86050469
vt 0.04352478 0.86050469
vt 0.04352478 0.86050469
vt 0.04352478 0.86050469
vt 0.04352478 0.86050469
vt 0.04352478 0.86050469
vt 0.04352478 0.86050469
vt 0.04352478 0.86050469
vt 0.04352478 0.86050469
vt 0.04352478 0.86050469
vt 0.04352478 0.86050469
vt 0.04352478 0.86050469
vt 0.04352478 0.86050469
vt 0.04352478 0.86050469
vt 0.04352478 0.86050469
vt 0.04352478 0.86050469
vt 0.04352478 0.86050469
vt 0.04352478 0.86050469
vt 0.04352478 0.86050469
vt 0.04352478 0.86050469
vt 0.04352478 0.86050469
vt 0.04352478 0.86050469
vt 0.04352478 0.86050469
vt 0.04352478 0.86050469
vt 0.04352478 0.86050469
vt 0.04352478 0.86050469
vt 0.04352478 0.86050469
vt 0.04352478 0.86050469
vt 0.04352478 0.86050469
vt 0.04352478 0.86050469
vt 0.04352478 0.86050469
vt 0.04352478 0.86050469
vt 0.04352478 0.86050469
vt 0.04352478 0.86050469
vt 0.04352478 0.86050469
vt 0.04352478 0.86050469
vt 0.04352478 0.86050469
vt 0.04352478 0.86050469
vt 0.04352478 0.86050469
vt 0.04352478 0.86050469
vt 0.04352478 0.86050469
vt 0.04352478 0.86050469
vt 0.04352478 0.86050469
vt 0.04352478 0.86050469
vt 0.04352478 0.86050469
vt 0.04352478 0.86050469
vt 0.04352478 0.86050469
vt 0.04352478 0.86050469
vt 0.04352478 0.86050469
vt 0.04352478 0.86050469
vt 0.04352478 0.86050469
vt 0.04352478 0.86050469
vt 0.04352478 0.86050469
vt 0.04352478 0.86050469
vt 0.04352478 0.86050469
vt 0.04352478 0.86050469
vt 0.04352478 0.86050469
vt 0.04352478 0.86050469
vt 0.04352478 0.86050469
vt 0.04352478 0.86050469
vt 0.04352478 0.86050469
vt 0.04352478 0.86050469
vt 0.04352478 0.86050469
vt 0.04352478 0.86050469
vt 0.04352478 0.86050469
vt 0.04352478 0.86050469
vt 0.04352478 0.86050469
vt 0.04352478 0.86050469
vt 0.04352478 0.86050469
vt 0.04352478 0.86050469
vt 0.04352478 0.86050469
vt 0.04352478 0.86050469
vt 0.04352478 0.86050469
vt 0.04352478 0.86050469
vt 0.04352478 0.86050469
vt 0.04352478 0.86050469
vt 0.04352478 0.86050469
vt 0.04352478 0.86050469
vt 0.04352478 0.86050469
vt 0.04352478 0.86050469
vt 0.04352478 0.86050469
vt 0.04352478 0.86050469
vt 0.04352478 0.86050469
vt 0.04352478 0.86050469
vt 0.04352478 0.86050469
vt 0.04352478 0.86050469
vt 0.04352478 0.86050469
vt 0.04352478 0.86050469
vt 0.04352478 0.86050469
vt 0.04352478 0.86050469
vt 0.04352478 0.86050469
vt 0.04352478 0.86050469
vt 0.04352478 0.86050469
vt 0.04352478 0.86050469
vt 0.04352478 0.86050469
vt 0.04352478 0.86050469
vt 0.04352478 0.86050469
vt 0.04352478 0.86050469
vt 0.04352478 0.86050469
vt 0.04352478 0.86050469
vt 0.04352478 0.86050469
vt 0.04352478 0.86050469
vt 0.04352478 0.86050469
vt 0.04352478 0.86050469
vt 0.04352478 0.86050469
vt 0.04352478 0.86050469
vt 0.04352478 0.86050469
vt 0.04352478 0.86050469
vt 0.04352478 0.86050469
vt 0.04352478 0.86050469
vt 0.04352478 0.86050469
vt 0.04352478 0.86050469
vt 0.04352478 0.86050469
vt 0.04352478 0.86050469
vt 0.04352478 0.86050469
vt 0.04352478 0.86050469
vt 0.04352478 0.86050469
vt 0.04352478 0.86050469
vt 0.04352478 0.86050469
vt 0.04352478 0.86050469
vt 0.04352478 0.86050469
vt 0.04352478 0.86050469
vt 0.04352478 0.86050469
vt 0.04352478 0.86050469
vt 0.04352478 0.86050469
vt 0.04352478 0.86050469
vt 0.04352478 0.86050469
vt 0.04352478 0.86050469
vt 0.04352478 0.86050469
vt 0.04352478 0.86050469
vt 0.04352478 0.86050469
vt 0.04352478 0.86050469
vt 0.04352478 0.86050469
vt 0.04352478 0.86050469
vt 0.04352478 0.86050469
vt 0.04352478 0.86050469
vt 0.04352478 0.86050469
vt 0.04352478 0.86050469
vt 0.04352478 0.86050469
vt 0.04352478 0.86050469
vt 0.04352478 0.86050469
vt 0.04352478 0.86050469
vt 0.04352478 0.86050469
vt 0.04352478 0.86050469
vt 0.04352478 0.86050469
vt 0.04352478 0.86050469
vt 0.04352478 0.86050469
vt 0.04352478 0.86050469
vt 0.04352478 0.86050469
vt 0.04352478 0.86050469
vt 0.04352478 0.86050469
vt 0.04352478 0.86050469
vt 0.04352478 0.86050469
vt 0.04352478 0.86050469
vt 0.04352478 0.86050469
vt 0.04352478 0.86050469
vt 0.04352478 0.86050469
vt 0.04352478 0.86050469
vt 0.04352478 0.86050469
vt 0.04352478 0.86050469
vt 0.04352478 0.86050469
vt 0.04352478 0.86050469
vt 0.04352478 0.86050469
vt 0.04352478 0.86050469
vt 0.04352478 0.86050469
vt 0.04352478 0.86050469
vt 0.04352478 0.86050469
vt 0.04352478 0.86050469
vt 0.04352478 0.86050469
vt 0.04352478 0.86050469
vt 0.04352478 0.86050469
vt 0.04352478 0.86050469
vt 0.04352478 0.86050469
vt 0.04352478 0.86050469
vt 0.04352478 0.86050469
vt 0.04352478 0.86050469
vt 0.04352478 0.86050469
vt 0.04352478 0.86050469
vt 0.04352478 0.86050469
vt 0.04352478 0.86050469
vt 0.04352478 0.86050469
vt 0.04352478 0.86050469
vt 0.04352478 0.86050469
vt 0.04352478 0.86050469
vt 0.04352478 0.86050469
vt 0.04352478 0.86050469
vt 0.04352478 0.86050469
vt 0.04352478 0.86050469
vt 0.04352478 0.86050469
vt 0.04352478 0.86050469
vt 0.04352478 0.86050469
vt 0.04352478 0.86050469
vt 0.04352478 0.86050469
vt 0.04352478 0.86050469
vt 0.04352478 0.86050469
vt 0.04352478 0.86050469
vt 0.04352478 0.86050469
vt 0.04352478 0.86050469
vt 0.04352478 0.86050469
vt 0.04352478 0.86050469
vt 0.04352478 0.86050469
vt 0.04352478 0.86050469
vt 0.04352478 0.86050469
vt 0.04352478 0.86050469
vt 0.04352478 0.86050469
vt 0.04352478 0.86050469
vt 0.04352478 0.86050469
vt 0.04352478 0.86050469
vt 0.04352478 0.86050469
vt 0.04352478 0.86050469
vt 0.04352478 0.86050469
vt 0.04352478 0.86050469
vt 0.04352478 0.86050469
vt 0.04352478 0.86050469
vt 0.04352478 0.86050469
vt 0.04352478 0.86050469
vt 0.04352478 0.86050469
vt 0.04352478 0.86050469
vt 0.04352478 0.86050469
vt 0.04352478 0.86050469
vt 0.04352478 0.86050469
vt 0.04352478 0.86050469
vt 0.04352478 0.86050469
vt 0.04352478 0.86050469
vt 0.04352478 0.86050469
vt 0.04352478 0.86050469
vt 0.04352478 0.86050469
vt 0.04352478 0.86050469
vt 0.04352478 0.86050469
vt 0.04352478 0.86050469
vt 0.04352478 0.86050469
vt 0.04352478 0.86050469
vt 0.04352478 0.86050469
vt 0.04352478 0.86050469
vt 0.04352478 0.86050469
vt 0.04352478 0.86050469
vt 0.04352478 0.86050469
vt 0.04352478 0.86050469
vt 0.04352478 0.86050469
vt 0.04352478 0.86050469
vt 0.04352478 0.86050469
vt 0.04352478 0.86050469
vt 0.04352478 0.86050469
vt 0.04352478 0.86050469
vt 0.04352478 0.86050469
vt 0.04352478 0.86050469
vt 0.04352478 0.86050469
vt 0.04352478 0.86050469
vt 0.04352478 0.86050469
vt 0.04352478 0.86050469
vt 0.04352478 0.86050469
vt 0.04352478 0.86050469
vt 0.04352478 0.86050469
vt 0.04352478 0.86050469
vt 0.04352478 0.86050469
vt 0.04352478 0.86050469
vt 0.04352478 0.86050469
vt 0.04352478 0.86050469
vt 0.04352478 0.86050469
vt 0.04352478 0.86050469
vt 0.04352478 0.86050469
vt 0.04352478 0.86050469
vt 0.04352478 0.86050469
vt 0.04352478 0.86050469
vt 0.04352478 0.86050469
vt 0.04352478 0.86050469
vt 0.04352478 0.86050469
vt 0.04352478 0.86050469
vt 0.04352478 0.86050469
vt 0.04352478 0.86050469
vt 0.04352478 0.86050469
vt 0.04352478 0.86050469
vt 0.04352478 0.86050469
vt 0.04352478 0.86050469
vt 0.04352478 0.86050469
vt 0.04352478 0.86050469
vt 0.04352478 0.86050469
vt 0.04352478 0.86050469
vt 0.04352478 0.86050469
vt 0.04352478 0.86050469
vt 0.04352478 0.86050469
vt 0.04352478 0.86050469
vt 0.04352478 0.86050469
vt 0.04352478 0.86050469
vt 0.04352478 0.86050469
vt 0.04352478 0.86050469
vt 0.04352478 0.86050469
vt 0.04352478 0.86050469
vt 0.04352478 0.86050469
vt 0.04352478 0.86050469
vt 0.04352478 0.86050469
vt 0.04352478 0.86050469
vt 0.04352478 0.86050469
vt 0.04352478 0.86050469
vt 0.04352478 0.86050469
vt 0.04352478 0.86050469
vt 0.04352478 0.86050469
vt 0.04352478 0.86050469
vt 0.04352478 0.86050469
vt 0.04352478 0.86050469
vt 0.04352478 0.86050469
vt 0.04352478 0.86050469
vt 0.04352478 0.86050469
vt 0.04352478 0.86050469
vt 0.04352478 0.86050469
vt 0.04352478 0.86050469
vt 0.04352478 0.86050469
vt 0.04352478 0.86050469
vt 0.04352478 0.86050469
vt 0.04352478 0.86050469
vt 0.04352478 0.86050469
vt 0.04352478 0.86050469
vt 0.04352478 0.86050469
vt 0.04352478 0.86050469
vt 0.04352478 0.86050469
vt 0.04352478 0.86050469
vt 0.04352478 0.86050469
vt 0.04352478 0.86050469
vt 0.04352478 0.86050469
vt 0.04352478 0.86050469
vt 0.04352478 0.86050469
vt 0.04352478 0.86050469
vt 0.04352478 0.86050469
vt 0.04352478 0.86050469
vt 0.04352478 0.86050469
vt 0.04352478 0.86050469
vt 0.04352478 0.86050469
vt 0.04352478 0.86050469
vt 0.04352478 0.86050469
vt 0.04352478 0.86050469
vt 0.04352478 0.86050469
vt 0.04352478 0.86050469
vt 0.04352478 0.86050469
vt 0.04352478 0.86050469
vt 0.04352478 0.86050469
vt 0.04352478 0.86050469
vt 0.04352478 0.86050469
vt 0.04352478 0.86050469
vt 0.04352478 0.86050469
vt 0.04352478 0.86050469
vt 0.04352478 0.86050469
vt 0.04352478 0.86050469
vt 0.04352478 0.86050469
vt 0.04352478 0.86050469
vt 0.04352478 0.86050469
vt 0.04352478 0.86050469
vt 0.04352478 0.86050469
vt 0.04352478 0.86050469
vt 0.04352478 0.86050469
vt 0.04352478 0.86050469
vt 0.04352478 0.86050469
vt 0.04352478 0.86050469
vt 0.04352478 0.86050469
vt 0.04352478 0.86050469
vt 0.04352478 0.86050469
vt 0.04352478 0.86050469
vt 0.04352478 0.86050469
vt 0.04352478 0.86050469
vt 0.04352478 0.86050469
vt 0.04352478 0.86050469
vt 0.04352478 0.86050469
vt 0.04352478 0.86050469
vt 0.04352478 0.86050469
vt 0.04352478 0.86050469
vt 0.04352478 0.86050469
vt 0.04352478 0.86050469
vt 0.04352478 0.86050469
vt 0.04352478 0.86050469
vt 0.04352478 0.86050469
vt 0.04352478 0.86050469
vt 0.04352478 0.86050469
vt 0.04352478 0.86050469
vt 0.04352478 0.86050469
vt 0.04352478 0.86050469
vt 0.04352478 0.86050469
vt 0.04352478 0.86050469
vt 0.04352478 0.86050469
vt 0.04352478 0.86050469
vt 0.04352478 0.86050469
vt 0.04352478 0.86050469
vt 0.04352478 0.86050469
vt 0.04352478 0.86050469
vt 0.04352478 0.86050469
vt 0.04352478 0.86050469
vt 0.04352478 0.86050469
vt 0.04352478 0.86050469
vt 0.04352478 0.86050469
vt 0.04352478 0.86050469
vt 0.04352478 0.86050469
vt 0.04352478 0.86050469
vt 0.04352478 0.86050469
vt 0.04352478 0.86050469
vt 0.04352478 0.86050469
vt 0.04352478 0.86050469
vt 0.04352478 0.86050469
vt 0.04352478 0.86050469
vt 0.04352478 0.86050469
vt 0.04352478 0.86050469
vt 0.04352478 0.86050469
vt 0.04352478 0.86050469
vt 0.04352478 0.86050469
vt 0.04352478 0.86050469
vt 0.04352478 0.86050469
vt 0.04352478 0.86050469
vt 0.04352478 0.86050469
vt 0.04352478 0.86050469
vt 0.04352478 0.86050469
vt 0.04352478 0.86050469
vt 0.04352478 0.86050469
vt 0.04352478 0.86050469
vt 0.04352478 0.86050469
vt 0.04352478 0.86050469
vt 0.04352478 0.86050469
vt 0.04352478 0.86050469
vt 0.04352478 0.86050469
vt 0.04352478 0.86050469
vt 0.04352478 0.86050469
vt 0.04352478 0.86050469
vt 0.04352478 0.86050469
vt 0.04352478 0.86050469
vt 0.04352478 0.86050469
vt 0.04352478 0.86050469
vt 0.04352478 0.86050469
vt 0.04352478 0.86050469
vt 0.04352478 0.86050469
vt 0.04352478 0.86050469
vt 0.04352478 0.86050469
vt 0.04352478 0.86050469
vt 0.04352478 0.86050469
vt 0.04352478 0.86050469
vt 0.04352478 0.86050469
vt 0.04352478 0.86050469
vt 0.04352478 0.86050469
vt 0.04352478 0.86050469
vt 0.04352478 0.86050469
vt 0.04352478 0.86050469
vt 0.04352478 0.86050469
vt 0.04352478 0.86050469
vt 0.04352478 0.86050469
vt 0.04352478 0.86050469
vt 0.04352478 0.86050469
vt 0.04352478 0.86050469
vt 0.04352478 0.86050469
vt 0.04352478 0.86050469
vt 0.04352478 0.86050469
vt 0.04352478 0.86050469
vt 0.04352478 0.86050469
vt 0.04352478 0.86050469
vt 0.04352478 0.86050469
vt 0.04352478 0.86050469
vt 0.04352478 0.86050469
vt 0.04352478 0.86050469
vt 0.04352478 0.86050469
vt 0.04352478 0.86050469
vt 0.04352478 0.86050469
vt 0.04352478 0.86050469
vt 0.04352478 0.86050469
vt 0.04352478 0.86050469
vt 0.04352478 0.86050469
vt 0.04352478 0.86050469
vt 0.04352478 0.86050469
vt 0.04352478 0.86050469
vt 0.04352478 0.86050469
vt 0.04352478 0.86050469
vt 0.04352478 0.86050469
vt 0.04352478 0.86050469
vt 0.04352478 0.86050469
vt 0.04352478 0.86050469
vt 0.04352478 0.86050469
vt 0.04352478 0.86050469
vt 0.04352478 0.86050469
vt 0.04352478 0.86050469
vt 0.04352478 0.86050469
vt 0.04352478 0.86050469
vt 0.04352478 0.86050469
vt 0.04352478 0.86050469
vt 0.04352478 0.86050469
vt 0.04352478 0.86050469
vt 0.04352478 0.86050469
vt 0.04352478 0.86050469
vt 0.04352478 0.86050469
vt 0.04352478 0.86050469
vt 0.04352478 0.86050469
vt 0.04352478 0.86050469
vt 0.04352478 0.86050469
vt 0.04352478 0.86050469
vt 0.04352478 0.86050469
vt 0.04352478 0.86050469
vt 0.04352478 0.86050469
vt 0.04352478 0.86050469
vt 0.04352478 0.86050469
vt 0.04352478 0.86050469
vt 0.04352478 0.86050469
vt 0.04352478 0.86050469
vt 0.04352478 0.86050469
vt 0.04352478 0.86050469
vt 0.04352478 0.86050469
vt 0.04352478 0.86050469
vt 0.04352478 0.86050469
vt 0.04352478 0.86050469
vt 0.04352478 0.86050469
vt 0.04352478 0.86050469
vt 0.04352478 0.86050469
vt 0.04352478 0.86050469
vt 0.04352478 0.86050469
vt 0.04352478 0.86050469
vt 0.04352478 0.86050469
vt 0.04352478 0.86050469
vt 0.04352478 0.86050469
vt 0.04352478 0.86050469
vt 0.04352478 0.86050469
vt 0.04352478 0.86050469
vt 0.04352478 0.86050469
vt 0.04352478 0.86050469
vt 0.04352478 0.86050469
vt 0.04352478 0.86050469
vt 0.04352478 0.86050469
vt 0.04352478 0.86050469
vt 0.04352478 0.86050469
vt 0.04352478 0.86050469
vt 0.04352478 0.86050469
vt 0.04352478 0.86050469
vt 0.04352478 0.86050469
vt 0.04352478 0.86050469
vt 0.04352478 0.86050469
vt 0.04352478 0.86050469
vt 0.04352478 0.86050469
vt 0.04352478 0.86050469
vt 0.04352478 0.86050469
vt 0.04352478 0.86050469
vt 0.04352478 0.86050469
vt 0.04352478 0.86050469
vt 0.04352478 0.86050469
vt 0.04352478 0.86050469
vt 0.04352478 0.86050469
vt 0.04352478 0.86050469
vt 0.04352478 0.86050469
vt 0.04352478 0.86050469
vt 0.04352478 0.86050469
vt 0.04352478 0.86050469
vt 0.04352478 0.86050469
vt 0.04352478 0.86050469
vt 0.04352478 0.86050469
vt 0.04352478 0.86050469
vt 0.04352478 0.86050469
vt 0.04352478 0.86050469
vt 0.04352478 0.86050469
vt 0.04352478 0.86050469
vt 0.04352478 0.86050469
vt 0.04352478 0.86050469
vt 0.04352478 0.86050469
vt 0.04352478 0.86050469
vt 0.04352478 0.86050469
vt 0.04352478 0.86050469
vt 0.04352478 0.86050469
vt 0.04352478 0.86050469
vt 0.04352478 0.86050469
vt 0.04352478 0.86050469
vt 0.04352478 0.86050469
vt 0.04352478 0.86050469
vt 0.04352478 0.86050469
vt 0.04352478 0.86050469
vt 0.04352478 0.86050469
vt 0.04352478 0.86050469
vt 0.04352478 0.86050469
vt 0.04352478 0.86050469
vt 0.04352478 0.86050469
vt 0.04352478 0.86050469
vt 0.04352478 0.86050469
vt 0.04352478 0.86050469
vt 0.04352478 0.86050469
vt 0.04352478 0.86050469
vt 0.04352478 0.86050469
vt 0.04352478 0.86050469
vt 0.04352478 0.86050469
vt 0.04352478 0.86050469
vt 0.04352478 0.86050469
vt 0.04352478 0.86050469
vt 0.04352478 0.86050469
vt 0.04352478 0.86050469
vt 0.04352478 0.86050469
vt 0.04352478 0.86050469
vt 0.04352478 0.86050469
vt 0.04352478 0.86050469
vt 0.04352478 0.86050469
vt 0.04352478 0.86050469
vt 0.04352478 0.86050469
vt 0.04352478 0.86050469
vt 0.04352478 0.86050469
vt 0.04352478 0.86050469
vt 0.04352478 0.86050469
vt 0.04352478 0.86050469
vt 0.04352478 0.86050469
vt 0.04352478 0.86050469
vt 0.04352478 0.86050469
vt 0.04352478 0.86050469
vt 0.04352478 0.86050469
vt 0.04352478 0.86050469
vt 0.04352478 0.86050469
vt 0.04352478 0.86050469
vt 0.04352478 0.86050469
vt 0.04352478 0.86050469
vt 0.04352478 0.86050469
vt 0.04352478 0.86050469
vt 0.04352478 0.86050469
vt 0.04352478 0.86050469
vt 0.04352478 0.86050469
vt 0.04352478 0.86050469
vt 0.04352478 0.86050469
vt 0.04352478 0.86050469
vt 0.04352478 0.86050469
vt 0.04352478 0.86050469
vt 0.04352478 0.86050469
vt 0.04352478 0.86050469
vt 0.04352478 0.86050469
vt 0.04352478 0.86050469
vt 0.04352478 0.86050469
vt 0.04352478 0.86050469
vt 0.04352478 0.86050469
vt 0.04352478 0.86050469
vt 0.04352478 0.86050469
vt 0.04352478 0.86050469
vt 0.04352478 0.86050469
vt 0.04352478 0.86050469
vt 0.04352478 0.86050469
vt 0.04352478 0.86050469
vt 0.04352478 0.86050469
vt 0.04352478 0.86050469
vt 0.04352478 0.86050469
vt 0.04352478 0.86050469
vt 0.04352478 0.86050469
vt 0.04352478 0.86050469
vt 0.04352478 0.86050469
vt 0.04352478 0.86050469
vt 0.04352478 0.86050469
vt 0.04352478 0.86050469
vt 0.04352478 0.86050469
vt 0.04352478 0.86050469
vt 0.04352478 0.86050469
vt 0.04352478 0.86050469
vt 0.04352478 0.86050469
vt 0.04352478 0.86050469
vt 0.04352478 0.86050469
vt 0.04352478 0.86050469
vt 0.04352478 0.86050469
vt 0.04352478 0.86050469
vt 0.04352478 0.86050469
vt 0.04352478 0.86050469
vt 0.04352478 0.86050469
vt 0.04352478 0.86050469
vt 0.04352478 0.86050469
vt 0.04352478 0.86050469
vt 0.04352478 0.86050469
vt 0.04352478 0.86050469
vt 0.04352478 0.86050469
vt 0.04352478 0.86050469
vt 0.04352478 0.86050469
vt 0.04352478 0.86050469
vt 0.04352478 0.86050469
vt 0.04352478 0.86050469
vt 0.04352478 0.86050469
vt 0.04352478 0.86050469
vt 0.04352478 0.86050469
vt 0.04352478 0.86050469
vt 0.04352478 0.86050469
vt 0.04352478 0.86050469
vt 0.04352478 0.86050469
vt 0.04352478 0.86050469
vt 0.04352478 0.86050469
vt 0.04352478 0.86050469
vt 0.04352478 0.86050469
vt 0.04352478 0.86050469
vt 0.04352478 0.86050469
vt 0.04352478 0.86050469
vt 0.04352478 0.86050469
vt 0.04352478 0.86050469
vt 0.04352478 0.86050469
vt 0.04352478 0.86050469
vt 0.04352478 0.86050469
vt 0.04352478 0.86050469
vt 0.04352478 0.86050469
vt 0.04352478 0.86050469
vt 0.04352478 0.86050469
vt 0.04352478 0.86050469
vt 0.04352478 0.86050469
vt 0.04352478 0.86050469
vt 0.04352478 0.86050469
vt 0.04352478 0.86050469
vt 0.04352478 0.86050469
vt 0.04352478 0.86050469
vt 0.04352478 0.86050469
vt 0.04352478 0.86050469
vt 0.04352478 0.86050469
vt 0.04352478 0.86050469
vt 0.04352478 0.86050469
vt 0.04352478 0.86050469
vt 0.04352478 0.86050469
vt 0.04352478 0.86050469
vt 0.04352478 0.86050469
vt 0.04352478 0.86050469
vt 0.04352478 0.86050469
vt 0.04352478 0.86050469
vt 0.04352478 0.86050469
vt 0.04352478 0.86050469
vt 0.04352478 0.86050469
vt 0.04352478 0.86050469
vt 0.04352478 0.86050469
vt 0.04352478 0.86050469
vt 0.04352478 0.86050469
vt 0.04352478 0.86050469
vt 0.04352478 0.86050469
vt 0.04352478 0.86050469
vt 0.04352478 0.86050469
vt 0.04352478 0.86050469
vt 0.04352478 0.86050469
vt 0.04352478 0.86050469
vt 0.04352478 0.86050469
vt 0.04352478 0.86050469
vt 0.04352478 0.86050469
vt 0.04352478 0.86050469
vt 0.04352478 0.86050469
vt 0.04352478 0.86050469
vt 0.04352478 0.86050469
vt 0.04352478 0.86050469
vt 0.04352478 0.86050469
vt 0.04352478 0.86050469
vt 0.04352478 0.86050469
vt 0.04352478 0.86050469
vt 0.04352478 0.86050469
vt 0.04352478 0.86050469
vt 0.04352478 0.86050469
vt 0.04352478 0.86050469
vt 0.04352478 0.86050469
vt 0.04352478 0.86050469
vt 0.04352478 0.86050469
vt 0.04352478 0.86050469
vt 0.04352478 0.86050469
vt 0.04352478 0.86050469
vt 0.04352478 0.86050469
vt 0.04352478 0.86050469
vt 0.04352478 0.86050469
vt 0.04352478 0.86050469
vt 0.04352478 0.86050469
vt 0.04352478 0.86050469
vt 0.04352478 0.86050469
vt 0.04352478 0.86050469
vt 0.04352478 0.86050469
vt 0.04352478 0.86050469
vt 0.04352478 0.86050469
vt 0.04352478 0.86050469
vt 0.04352478 0.86050469
vt 0.04352478 0.86050469
vt 0.04352478 0.86050469
vt 0.04352478 0.86050469
vt 0.04352478 0.86050469
vt 0.04352478 0.86050469
vt 0.04352478 0.86050469
vt 0.04352478 0.86050469
vt 0.04352478 0.86050469
vt 0.04352478 0.86050469
vt 0.04352478 0.86050469
vt 0.04352478 0.86050469
vt 0.04352478 0.86050469
vt 0.04352478 0.86050469
vt 0.04352478 0.86050469
vt 0.04352478 0.86050469
vt 0.04352478 0.86050469
vt 0.04352478 0.86050469
vt 0.04352478 0.86050469
vt 0.04352478 0.86050469
vt 0.04352478 0.86050469
vt 0.04352478 0.86050469
vt 0.04352478 0.86050469
vt 0.04352478 0.86050469
vt 0.04352478 0.86050469
vt 0.04352478 0.86050469
vt 0.04352478 0.86050469
vt 0.04352478 0.86050469
vt 0.04352478 0.86050469
vt 0.04352478 0.86050469
vt 0.04352478 0.86050469
vt 0.04352478 0.86050469
vt 0.04352478 0.86050469
vt 0.04352478 0.86050469
vt 0.04352478 0.86050469
vt 0.04352478 0.86050469
vt 0.04352478 0.86050469
vt 0.04352478 0.86050469
vt 0.04352478 0.86050469
vt 0.04352478 0.86050469
vt 0.04352478 0.86050469
vt 0.04352478 0.86050469
vt 0.04352478 0.86050469
vt 0.04352478 0.86050469
vt 0.04352478 0.86050469
vt 0.04352478 0.86050469
vt 0.04352478 0.86050469
vt 0.04352478 0.86050469
vt 0.04352478 0.86050469
vt 0.04352478 0.86050469
vt 0.04352478 0.86050469
vt 0.04352478 0.86050469
vt 0.04352478 0.86050469
vt 0.04352478 0.86050469
vt 0.04352478 0.86050469
vt 0.04352478 0.86050469
vt 0.04352478 0.86050469
vt 0.04352478 0.86050469
vt 0.04352478 0.86050469
vt 0.04352478 0.86050469
vt 0.04352478 0.86050469
vt 0.04352478 0.86050469
vt 0.04352478 0.86050469
vt 0.04352478 0.86050469
vt 0.04352478 0.86050469
vt 0.04352478 0.86050469
vt 0.04352478 0.86050469
vt 0.04352478 0.86050469
vt 0.04352478 0.86050469
vt 0.04352478 0.86050469
vt 0.04352478 0.86050469
vt 0.04352478 0.86050469
vt 0.04352478 0.86050469
vt 0.04352478 0.86050469
vt 0.04352478 0.86050469
vt 0.04352478 0.86050469
vt 0.04352478 0.86050469
vt 0.04352478 0.86050469
vt 0.04352478 0.86050469
vt 0.04352478 0.86050469
vt 0.04352478 0.86050469
vt 0.04352478 0.86050469
vt 0.04352478 0.86050469
vt 0.04352478 0.86050469
vt 0.04352478 0.86050469
vt 0.04352478 0.86050469
vt 0.04352478 0.86050469
vt 0.04352478 0.86050469
vt 0.04352478 0.86050469
vt 0.04352478 0.86050469
vt 0.04352478 0.86050469
vt 0.04352478 0.86050469
vt 0.04352478 0.86050469
vt 0.04352478 0.86050469
vt 0.04352478 0.86050469
vt 0.04352478 0.86050469
vt 0.04352478 0.86050469
vt 0.04352478 0.86050469
vt 0.04352478 0.86050469
vt 0.04352478 0.86050469
vt 0.04352478 0.86050469
vt 0.04352478 0.86050469
vt 0.04352478 0.86050469
vt 0.04352478 0.86050469
vt 0.04352478 0.86050469
vt 0.04352478 0.86050469
vt 0.04352478 0.86050469
vt 0.04352478 0.86050469
vt 0.04352478 0.86050469
vt 0.04352478 0.86050469
vt 0.04352478 0.86050469
vt 0.04352478 0.86050469
vt 0.04352478 0.86050469
vt 0.04352478 0.86050469
vt 0.04352478 0.86050469
vt 0.04352478 0.86050469
vt 0.04352478 0.86050469
vt 0.04352478 0.86050469
vt 0.04352478 0.86050469
vt 0.04352478 0.86050469
vt 0.04352478 0.86050469
vt 0.04352478 0.86050469
vt 0.04352478 0.86050469
vt 0.04352478 0.86050469
vt 0.04352478 0.86050469
vt 0.04352478 0.86050469
vt 0.04352478 0.86050469
vt 0.04352478 0.86050469
vt 0.04352478 0.86050469
vt 0.04352478 0.86050469
vt 0.04352478 0.86050469
vt 0.04352478 0.86050469
vt 0.04352478 0.86050469
vt 0.04352478 0.86050469
vt 0.04352478 0.86050469
vt 0.04352478 0.86050469
vt 0.04352478 0.86050469
vt 0.04352478 0.86050469
vt 0.04352478 0.86050469
vt 0.04352478 0.86050469
vt 0.04352478 0.86050469
vt 0.04352478 0.86050469
vt 0.04352478 0.86050469
vt 0.04352478 0.86050469
vt 0.04352478 0.86050469
vt 0.04352478 0.86050469
vt 0.04352478 0.86050469
vt 0.04352478 0.86050469
vt 0.04352478 0.86050469
vt 0.04352478 0.86050469
vt 0.04352478 0.86050469
vt 0.04352478 0.86050469
vt 0.04352478 0.86050469
vt 0.04352478 0.86050469
vt 0.04352478 0.86050469
vt 0.04352478 0.86050469
vt 0.04352478 0.86050469
vt 0.04352478 0.86050469
vt 0.04352478 0.86050469
vt 0.04352478 0.86050469
vt 0.04352478 0.86050469
vt 0.04352478 0.86050469
vt 0.04352478 0.86050469
vt 0.04352478 0.86050469
vt 0.04352478 0.86050469
vt 0.04352478 0.86050469
vt 0.04352478 0.86050469
vt 0.04352478 0.86050469
vt 0.04352478 0.86050469
vt 0.04352478 0.86050469
vt 0.04352478 0.86050469
vt 0.04352478 0.86050469
vt 0.04352478 0.86050469
vt 0.04352478 0.86050469
vt 0.04352478 0.86050469
vt 0.04352478 0.86050469
vt 0.04352478 0.86050469
vt 0.04352478 0.86050469
vt 0.04352478 0.86050469
vt 0.04352478 0.86050469
vt 0.04352478 0.86050469
vt 0.04352478 0.86050469
vt 0.04352478 0.86050469
vt 0.04352478 0.86050469
vt 0.04352478 0.86050469
vt 0.04352478 0.86050469
vt 0.04352478 0.86050469
vt 0.04352478 0.86050469
vt 0.04352478 0.86050469
vt 0.04352478 0.86050469
vt 0.04352478 0.86050469
vt 0.04352478 0.86050469
vt 0.04352478 0.86050469
vt 0.04352478 0.86050469
vt 0.04352478 0.86050469
vt 0.04352478 0.86050469
vt 0.04352478 0.86050469
vt 0.04352478 0.86050469
vt 0.04352478 0.86050469
vt 0.04352478 0.86050469
vt 0.04352478 0.86050469
vt 0.04352478 0.86050469
vt 0.04352478 0.86050469
vt 0.04352478 0.86050469
vt 0.04352478 0.86050469
vt 0.04352478 0.86050469
vt 0.04352478 0.86050469
vt 0.04352478 0.86050469
vt 0.04352478 0.86050469
vt 0.04352478 0.86050469
vt 0.04352478 0.86050469
vt 0.04352478 0.86050469
vt 0.04352478 0.86050469
vt 0.04352478 0.86050469
vt 0.04352478 0.86050469
vt 0.04352478 0.86050469
vt 0.04352478 0.86050469
vt 0.04352478 0.86050469
vt 0.04352478 0.86050469
vt 0.04352478 0.86050469
vt 0.04352478 0.86050469
vt 0.04352478 0.86050469
vt 0.04352478 0.86050469
vt 0.04352478 0.86050469
vt 0.04352478 0.86050469
vt 0.04352478 0.86050469
vt 0.04352478 0.86050469
vt 0.04352478 0.86050469
vt 0.04352478 0.86050469
vt 0.04352478 0.86050469
vt 0.04352478 0.86050469
vt 0.04352478 0.86050469
vt 0.04352478 0.86050469
vt 0.04352478 0.86050469
vt 0.04352478 0.86050469
vt 0.04352478 0.86050469
vt 0.04352478 0.86050469
vt 0.04352478 0.86050469
vt 0.04352478 0.86050469
vt 0.04352478 0.86050469
vt 0.04352478 0.86050469
vt 0.04352478 0.86050469
vt 0.04352478 0.86050469
vt 0.04352478 0.86050469
vt 0.04352478 0.86050469
vt 0.04352478 0.86050469
vt 0.04352478 0.86050469
vt 0.04352478 0.86050469
vt 0.04352478 0.86050469
vt 0.04352478 0.86050469
vt 0.04352478 0.86050469
vt 0.04352478 0.86050469
vt 0.04352478 0.86050469
vt 0.04352478 0.86050469
vt 0.04352478 0.86050469
vt 0.04352478 0.86050469
vt 0.04352478 0.86050469
vt 0.04352478 0.86050469
vt 0.04352478 0.86050469
vt 0.04352478 0.86050469
vt 0.04352478 0.86050469
vt 0.04352478 0.86050469
vt 0.04352478 0.86050469
vt 0.04352478 0.86050469
vt 0.04352478 0.86050469
vt 0.04352478 0.86050469
vt 0.04352478 0.86050469
vt 0.04352478 0.86050469
vt 0.04352478 0.86050469
vt 0.04352478 0.86050469
vt 0.04352478 0.86050469
vt 0.04352478 0.86050469
vt 0.04352478 0.86050469
vt 0.04352478 0.86050469
vt 0.04352478 0.86050469
vt 0.04352478 0.86050469
vt 0.04352478 0.86050469
vt 0.04352478 0.86050469
vt 0.04352478 0.86050469
vt 0.04352478 0.86050469
vt 0.04352478 0.86050469
vt 0.04352478 0.86050469
vt 0.04352478 0.86050469
vt 0.04352478 0.86050469
vt 0.04352478 0.86050469
vt 0.04352478 0.86050469
vt 0.04352478 0.86050469
vt 0.04352478 0.86050469
vt 0.04352478 0.86050469
vt 0.04352478 0.86050469
vt 0.04352478 0.86050469
vt 0.04352478 0.86050469
vt 0.04352478 0.86050469
vt 0.04352478 0.86050469
vt 0.04352478 0.86050469
vt 0.04352478 0.86050469
vt 0.04352478 0.86050469
vt 0.04352478 0.86050469
vt 0.04352478 0.86050469
vt 0.04352478 0.86050469
vt 0.04352478 0.86050469
vt 0.04352478 0.86050469
vt 0.04352478 0.86050469
vt 0.04352478 0.86050469
vt 0.04352478 0.86050469
vt 0.04352478 0.86050469
vt 0.04352478 0.86050469
vt 0.04352478 0.86050469
vt 0.04352478 0.86050469
vt 0.04352478 0.86050469
vt 0.04352478 0.86050469
vt 0.04352478 0.86050469
vt 0.04352478 0.86050469
vt 0.04352478 0.86050469
vt 0.04352478 0.86050469
vt 0.04352478 0.86050469
vt 0.04352478 0.86050469
vt 0.04352478 0.86050469
vt 0.04352478 0.86050469
vt 0.04352478 0.86050469
vt 0.04352478 0.86050469
vt 0.04352478 0.86050469
vt 0.04352478 0.86050469
vt 0.04352478 0.86050469
vt 0.04352478 0.86050469
vt 0.04352478 0.86050469
vt 0.04352478 0.86050469
vt 0.04352478 0.86050469
vt 0.04352478 0.86050469
vt 0.04352478 0.86050469
vt 0.04352478 0.86050469
vt 0.04352478 0.86050469
vt 0.04352478 0.86050469
vt 0.04352478 0.86050469
vt 0.04352478 0.86050469
vt 0.04352478 0.86050469
vt 0.04352478 0.86050469
vt 0.04352478 0.86050469
vt 0.04352478 0.86050469
vt 0.04352478 0.86050469
vt 0.04352478 0.86050469
vt 0.04352478 0.86050469
vt 0.04352478 0.86050469
vt 0.04352478 0.86050469
vt 0.04352478 0.86050469
vt 0.04352478 0.86050469
vt 0.04352478 0.86050469
vt 0.04352478 0.86050469
vt 0.04352478 0.86050469
vt 0.04352478 0.86050469
vt 0.04352478 0.86050469
vt 0.04352478 0.86050469
vt 0.04352478 0.86050469
vt 0.04352478 0.86050469
vt 0.04352478 0.86050469
vt 0.04352478 0.86050469
vt 0.04352478 0.86050469
vt 0.04352478 0.86050469
vt 0.04352478 0.86050469
vt 0.04352478 0.86050469
vt 0.04352478 0.86050469
vt 0.04352478 0.86050469
vt 0.04352478 0.86050469
vt 0.04352478 0.86050469
vt 0.04352478 0.86050469
vt 0.04352478 0.86050469
vt 0.04352478 0.86050469
vt 0.04352478 0.86050469
vt 0.04352478 0.86050469
vt 0.04352478 0.86050469
vt 0.04352478 0.86050469
vt 0.04352478 0.86050469
vt 0.04352478 0.86050469
vt 0.04352478 0.86050469
vt 0.04352478 0.86050469
vt 0.04352478 0.86050469
vt 0.04352478 0.86050469
vt 0.04352478 0.86050469
vt 0.04352478 0.86050469
vt 0.04352478 0.86050469
vt 0.04352478 0.86050469
vt 0.04352478 0.86050469
vt 0.04352478 0.86050469
vt 0.04352478 0.86050469
vt 0.04352478 0.86050469
vt 0.04352478 0.86050469
vt 0.04352478 0.86050469
vt 0.04352478 0.86050469
vt 0.04352478 0.86050469
vt 0.04352478 0.86050469
vt 0.04352478 0.86050469
vt 0.04352478 0.86050469
vt 0.04352478 0.86050469
vt 0.04352478 0.86050469
vt 0.04352478 0.86050469
vt 0.04352478 0.86050469
vt 0.04352478 0.86050469
vt 0.04352478 0.86050469
vt 0.04352478 0.86050469
vt 0.04352478 0.86050469
vt 0.04352478 0.86050469
vt 0.04352478 0.86050469
vt 0.04352478 0.86050469
vt 0.04352478 0.86050469
vt 0.04352478 0.86050469
vt 0.04352478 0.86050469
vt 0.04352478 0.86050469
vt 0.04352478 0.86050469
vt 0.04352478 0.86050469
vt 0.04352478 0.86050469
vt 0.04352478 0.86050469
vt 0.04352478 0.86050469
vt 0.04352478 0.86050469
vt 0.04352478 0.86050469
vt 0.04352478 0.86050469
vt 0.04352478 0.86050469
vt 0.04352478 0.86050469
vt 0.04352478 0.86050469
f 1/1 2/2 3/3
f 1/1 4/4 5/5
f 2/2 1/1 5/5
f 2/2 6/6 7/7
f 2/2 8/8 3/3
f 5/5 9/9 6/6
f 9/9 5/5 4/4
f 4/4 10/10 9/9
f 4/4 1/1 11/11
f 6/6 2/2 5/5
f 6/6 12/12 13/13
f 7/7 14/14 15/15
f 7/7 6/6 13/13
f 7/7 15/15 16/16
f 17/17 16/16 18/18
f 16/16 17/17 8/8
f 16/16 2/2 7/7
f 18/18 19/19 20/20
f 18/18 15/15 21/21
f 18/18 22/22 17/17
f 8/8 2/2 16/16
f 15/15 18/18 16/16
f 21/21 14/14 23/23
f 11/11 10/10 4/4
f 22/22 20/20 24/24
f 20/20 25/25 24/24
f 20/20 22/22 18/18
f 24/24 26/26 22/22
f 26/26 27/27 28/28
f 19/19 23/23 29/29
f 19/19 18/18 21/21
f 19/19 30/30 25/25
f 25/25 27/27 24/24
f 25/25 20/20 19/19
f 25/25 31/31 27/27
f 28/28 27/27 32/32
f 27/27 26/26 24/24
f 32/32 33/33 34/34
f 32/32 35/35 28/28
f 32/32 31/31 36/36
f 35/35 34/34 37/37
f 31/31 30/30 38/38
f 31/31 39/39 36/36
f 31/31 32/32 27/27
f 36/36 40/40 33/33
f 37/37 41/41 42/42
f 37/37 34/34 41/41
f 34/34 35/35 32/32
f 34/34 43/43 41/41
f 41/41 44/44 10/10
f 42/42 41/41 45/45
f 33/33 43/43 34/34
f 33/33 32/32 36/36
f 43/43 33/33 40/40
f 45/45 10/10 11/11
f 10/10 45/45 41/41
f 44/44 41/41 43/43
f 44/44 9/9 10/10
f 44/44 46/46 47/47
f 44/44 12/12 9/9
f 39/39 40/40 36/36
f 39/39 48/48 40/40
f 39/39 31/31 38/38
f 39/39 38/38 49/49
f 30/30 19/19 29/29
f 30/30 31/31 25/25
f 50/50 38/38 30/30
f 50/50 51/51 38/38
f 51/51 49/49 38/38
f 51/51 50/50 52/52
f 49/49 53/53 48/48
f 14/14 7/7 54/54
f 14/14 21/21 15/15
f 23/23 55/55 29/29
f 23/23 19/19 21/21
f 23/23 56/56 57/57
f 54/54 58/58 59/59
f 54/54 56/56 14/14
f 56/56 60/60 61/61
f 56/56 23/23 14/14
f 56/56 54/54 59/59
f 59/59 58/58 62/62
f 57/57 61/61 63/63
f 40/40 46/46 43/43
f 46/46 44/44 43/43
f 46/46 48/48 64/64
f 48/48 46/46 40/40
f 48/48 65/65 64/64
f 48/48 39/39 49/49
f 64/64 66/66 67/67
f 64/64 67/67 47/47
f 64/64 47/47 46/46
f 13/13 68/68 58/58
f 13/13 54/54 7/7
f 12/12 47/47 68/68
f 12/12 6/6 9/9
f 12/12 44/44 47/47
f 68/68 13/13 12/12
f 68/68 66/66 69/69
f 68/68 67/67 66/66
f 58/58 54/54 13/13
f 58/58 69/69 62/62
f 29/29 50/50 30/30
f 55/55 50/50 29/29
f 55/55 70/70 50/50
f 55/55 57/57 71/71
f 55/55 23/23 57/57
f 67/67 68/68 47/47
f 53/53 72/72 73/73
f 53/53 74/74 65/65
f 53/53 73/73 74/74
f 73/73 75/75 76/76
f 74/74 77/77 66/66
f 74/74 76/76 78/78
f 74/74 79/79 77/77
f 65/65 48/48 53/53
f 65/65 74/74 66/66
f 75/75 80/80 76/76
f 75/75 81/81 82/82
f 75/75 73/73 72/72
f 72/72 53/53 83/83
f 72/72 52/52 84/84
f 72/72 85/85 75/75
f 76/76 74/74 73/73
f 78/78 76/76 80/80
f 83/83 53/53 49/49
f 86/86 70/70 71/71
f 70/70 55/55 71/71
f 70/70 84/84 52/52
f 70/70 52/52 50/50
f 70/70 86/86 87/87
f 71/71 88/88 86/86
f 87/87 89/89 90/90
f 89/89 87/87 86/86
f 89/89 91/91 90/90
f 89/89 88/88 92/92
f 88/88 61/61 93/93
f 88/88 71/71 63/63
f 88/88 89/89 86/86
f 88/88 93/93 92/92
f 88/88 63/63 61/61
f 92/92 93/93 94/94
f 92/92 95/95 96/96
f 92/92 97/97 89/89
f 90/90 84/84 87/87
f 90/90 85/85 84/84
f 63/63 71/71 57/57
f 98/98 60/60 62/62
f 98/98 94/94 93/93
f 98/98 99/99 100/100
f 98/98 61/61 60/60
f 60/60 56/56 59/59
f 62/62 101/101 98/98
f 62/62 60/60 59/59
f 101/101 62/62 69/69
f 102/102 77/77 103/103
f 102/102 99/99 101/101
f 99/99 104/104 100/100
f 99/99 102/102 103/103
f 99/99 98/98 101/101
f 103/103 105/105 99/99
f 103/103 106/106 107/107
f 69/69 77/77 102/102
f 69/69 102/102 101/101
f 69/69 58/58 68/68
f 77/77 69/69 66/66
f 66/66 64/64 65/65
f 79/79 108/108 106/106
f 79/79 74/74 78/78
f 79/79 103/103 77/77
f 52/52 83/83 49/49
f 52/52 49/49 51/51
f 52/52 72/72 83/83
f 84/84 70/70 87/87
f 85/85 91/91 81/81
f 85/85 72/72 84/84
f 61/61 57/57 56/56
f 61/61 98/98 93/93
f 94/94 100/100 95/95
f 94/94 98/98 100/100
f 106/106 103/103 79/79
f 107/107 105/105 103/103
f 107/107 109/109 110/110
f 107/107 111/111 105/105
f 108/108 112/112 113/113
f 108/108 79/79 78/78
f 113/113 112/112 114/114
f 113/113 115/115 109/109
f 113/113 106/106 108/108
f 113/113 109/109 106/106
f 109/109 116/116 110/110
f 109/109 107/107 106/106
f 81/81 75/75 85/85
f 82/82 112/112 80/80
f 82/82 117/117 118/118
f 82/82 80/80 75/75
f 91/91 89/89 97/97
f 91/91 85/85 90/90
f 119/119 81/81 91/91
f 119/119 117/117 81/81
f 117/117 82/82 81/81
f 117/117 120/120 121/121
f 95/95 92/92 94/94
f 96/96 122/122 97/97
f 96/96 97/97 92/92
f 96/96 123/123 124/124
f 104/104 123/123 95/95
f 104/104 95/95 100/100
f 104/104 99/99 105/105
f 123/123 96/96 95/95
f 123/123 125/125 126/126
f 123/123 127/127 124/124
f 123/123 104/104 125/125
f 125/125 111/111 128/128
f 125/125 128/128 129/129
f 80/80 108/108 78/78
f 112/112 130/130 114/114
f 112/112 82/82 118/118
f 112/112 108/108 80/80
f 97/97 119/119 91/91
f 122/122 124/124 131/131
f 122/122 120/120 119/119
f 122/122 119/119 97/97
f 122/122 96/96 124/124
f 105/105 125/125 104/104
f 111/111 116/116 128/128
f 111/111 125/125 105/105
f 111/111 107/107 110/110
f 132/132 133/133 134/134
f 133/133 135/135 136/136
f 133/133 137/137 134/134
f 134/134 138/138 132/132
f 134/134 139/139 140/140
f 138/138 141/141 132/132
f 138/138 142/142 143/143
f 138/138 140/140 142/142
f 120/120 144/144 145/145
f 120/120 122/122 131/131
f 120/120 117/117 119/119
f 144/144 120/120 131/131
f 145/145 146/146 147/147
f 145/145 121/121 120/120
f 131/131 148/148 144/144
f 146/146 149/149 150/150
f 146/146 148/148 151/151
f 146/146 152/152 147/147
f 146/146 145/145 144/144
f 148/148 153/153 151/151
f 148/148 131/131 127/127
f 148/148 126/126 153/153
f 148/148 127/127 126/126
f 148/148 146/146 144/144
f 151/151 153/153 154/154
f 151/151 155/155 149/149
f 147/147 156/156 145/145
f 147/147 157/157 156/156
f 127/127 131/131 124/124
f 127/127 123/123 126/126
f 158/158 129/129 128/128
f 158/158 159/159 160/160
f 158/158 154/154 153/153
f 129/129 153/153 126/126
f 128/128 161/161 158/158
f 161/161 128/128 116/116
f 162/162 163/163 164/164
f 162/162 159/159 161/161
f 162/162 116/116 115/115
f 159/159 165/165 166/166
f 159/159 158/158 161/161
f 159/159 162/162 164/164
f 159/159 167/167 160/160
f 116/116 162/162 161/161
f 116/116 111/111 110/110
f 116/116 109/109 115/115
f 115/115 163/163 162/162
f 115/115 168/168 163/163
f 115/115 113/113 169/169
f 168/168 170/170 163/163
f 168/168 171/171 172/172
f 168/168 115/115 169/169
f 170/170 165/165 164/164
f 170/170 173/173 174/174
f 170/170 168/168 172/172
f 170/170 164/164 163/163
f 172/172 171/171 175/175
f 169/169 176/176 168/168
f 177/177 157/157 178/178
f 177/177 121/121 156/156
f 121/121 130/130 118/118
f 121/121 177/177 130/130
f 121/121 145/145 156/156
f 121/121 118/118 117/117
f 130/130 177/177 114/114
f 130/130 112/112 118/118
f 157/157 177/177 156/156
f 157/157 152/152 179/179
f 178/178 179/179 180/180
f 178/178 176/176 177/177
f 126/126 125/125 129/129
f 153/153 129/129 158/158
f 154/154 158/158 160/160
f 154/154 160/160 155/155
f 176/176 114/114 177/177
f 176/176 169/169 114/114
f 176/176 178/178 171/171
f 114/114 169/169 113/113
f 171/171 180/180 175/175
f 171/171 168/168 176/176
f 141/141 181/181 132/132
f 141/141 138/138 143/143
f 141/141 182/182 183/183
f 141/141 184/184 181/181
f 135/135 133/133 132/132
f 135/135 132/132 181/181
f 135/135 185/185 186/186
f 185/185 135/135 181/181
f 185/185 181/181 187/187
f 186/186 136/136 135/135
f 188/188 186/186 189/189
f 188/188 190/190 191/191
f 188/188 191/191 186/186
f 188/188 192/192 190/190
f 189/189 186/186 185/185
f 189/189 193/193 194/194
f 189/189 194/194 188/188
f 189/189 195/195 193/193
f 189/189 187/187 196/196
f 193/193 197/197 194/194
f 193/193 198/198 199/199
f 194/194 200/200 192/192
f 194/194 192/192 188/188
f 197/197 201/201 200/200
f 197/197 193/193 199/199
f 199/199 202/202 197/197
f 199/199 203/203 202/202
f 203/203 198/198 204/204
f 203/203 205/205 206/206
f 203/203 207/207 202/202
f 202/202 201/201 197/197
f 207/207 203/203 206/206
f 207/207 208/208 201/201
f 206/206 209/209 207/207
f 206/206 210/210 211/211
f 209/209 212/212 213/213
f 209/209 213/213 207/207
f 209/209 206/206 211/211
f 211/211 214/214 209/209
f 214/214 215/215 142/142
f 214/214 211/211 216/216
f 214/214 142/142 140/140
f 216/216 211/211 210/210
f 215/215 182/182 143/143
f 215/215 217/217 218/218
f 215/215 143/143 142/142
f 215/215 214/214 216/216
f 205/205 203/203 204/204
f 205/205 219/219 210/210
f 205/205 210/210 206/206
f 204/204 220/220 205/205
f 198/198 193/193 195/195
f 198/198 203/203 199/199
f 221/221 204/204 198/198
f 221/221 222/222 204/204
f 222/222 223/223 224/224
f 222/222 220/220 204/204
f 187/187 189/189 185/185
f 196/196 225/225 195/195
f 196/196 195/195 189/189
f 196/196 187/187 226/226
f 184/184 141/141 183/183
f 184/184 227/227 187/187
f 184/184 187/187 181/181
f 227/227 228/228 226/226
f 227/227 229/229 230/230
f 227/227 184/184 229/229
f 227/227 226/226 187/187
f 229/229 231/231 232/232
f 210/210 217/217 216/216
f 217/217 219/219 233/233
f 217/217 215/215 216/216
f 219/219 205/205 220/220
f 219/219 234/234 235/235
f 219/219 217/217 210/210
f 233/233 236/236 237/237
f 233/233 219/219 235/235
f 233/233 218/218 217/217
f 233/233 237/237 218/218
f 183/183 229/229 184/184
f 182/182 237/237 238/238
f 182/182 215/215 218/218
f 182/182 141/141 143/143
f 182/182 231/231 183/183
f 231/231 239/239 232/232
f 231/231 229/229 183/183
f 231/231 182/182 238/238
f 195/195 221/221 198/198
f 225/225 221/221 195/195
f 225/225 223/223 221/221
f 225/225 196/196 226/226
f 237/237 239/239 238/238
f 237/237 182/182 218/218
f 240/240 241/241 242/242
f 240/240 235/235 243/243
f 235/235 244/244 233/233
f 235/235 245/245 243/243
f 235/235 240/240 244/244
f 243/243 246/246 240/240
f 244/244 240/240 236/236
f 245/245 247/247 243/243
f 245/245 235/235 234/234
f 245/245 248/248 249/249
f 245/245 224/224 250/250
f 247/247 246/246 243/243
f 247/247 245/245 249/249
f 249/249 251/251 247/247
f 246/246 247/247 251/251
f 234/234 219/219 220/220
f 252/252 223/223 253/253
f 252/252 254/254 255/255
f 223/223 225/225 253/253
f 223/223 252/252 255/255
f 223/223 250/250 224/224
f 223/223 222/222 221/221
f 253/253 225/225 226/226
f 253/253 256/256 252/252
f 257/257 256/256 258/258
f 257/257 259/259 254/254
f 256/256 253/253 228/228
f 256/256 257/257 252/252
f 256/256 228/228 230/230
f 256/256 230/230 260/260
f 256/256 261/261 258/258
f 258/258 262/262 263/263
f 258/258 264/264 257/257
f 254/254 250/250 255/255
f 254/254 248/248 250/250
f 254/254 252/252 257/257
f 228/228 227/227 230/230
f 228/228 253/253 226/226
f 265/265 266/266 232/232
f 265/265 261/261 260/260
f 265/265 267/267 268/268
f 266/266 260/260 230/230
f 232/232 269/269 265/265
f 232/232 266/266 229/229
f 269/269 232/232 239/239
f 269/269 270/270 267/267
f 270/270 271/271 272/272
f 270/270 269/269 273/273
f 273/273 242/242 270/270
f 267/267 265/265 269/269
f 267/267 272/272 274/274
f 239/239 242/242 273/273
f 239/239 273/273 269/269
f 239/239 237/237 236/236
f 239/239 231/231 238/238
f 242/242 239/239 236/236
f 242/242 236/236 240/240
f 236/236 233/233 244/244
f 241/241 240/240 246/246
f 241/241 270/270 242/242
f 241/241 275/275 271/271
f 224/224 220/220 222/222
f 224/224 234/234 220/220
f 224/224 245/245 234/234
f 250/250 223/223 255/255
f 248/248 245/245 250/250
f 248/248 254/254 276/276
f 248/248 277/277 249/249
f 230/230 229/229 266/266
f 260/260 266/266 265/265
f 261/261 278/278 262/262
f 261/261 256/256 260/260
f 261/261 265/265 268/268
f 279/279 280/280 281/281
f 279/279 282/282 283/283
f 282/282 279/279 284/284
f 282/282 285/285 286/286
f 283/283 282/282 287/287
f 283/283 288/288 280/280
f 284/284 289/289 285/285
f 284/284 290/290 289/289
f 284/284 291/291 290/290
f 271/271 270/270 241/241
f 272/272 292/292 293/293
f 272/272 267/267 270/270
f 275/275 241/241 246/246
f 275/275 294/294 295/295
f 295/295 271/271 275/275
f 295/295 292/292 271/271
f 292/292 272/272 271/271
f 292/292 296/296 293/293
f 293/293 274/274 272/272
f 277/277 294/294 251/251
f 277/277 251/251 249/249
f 277/277 248/248 276/276
f 277/277 276/276 287/287
f 259/259 288/288 276/276
f 259/259 257/257 264/264
f 259/259 276/276 254/254
f 288/288 287/287 276/276
f 288/288 297/297 280/280
f 288/288 283/283 287/287
f 288/288 259/259 298/298
f 287/287 282/282 294/294
f 262/262 258/258 261/261
f 263/263 299/299 300/300
f 263/263 301/301 264/264
f 278/278 261/261 268/268
f 278/278 302/302 303/303
f 303/303 304/304 299/299
f 303/303 302/302 305/305
f 303/303 262/262 278/278
f 303/303 299/299 262/262
f 299/299 263/263 262/262
f 300/300 304/304 306/306
f 251/251 275/275 246/246
f 294/294 286/286 295/295
f 294/294 277/277 287/287
f 294/294 275/275 251/251
f 264/264 258/258 263/263
f 264/264 298/298 259/259
f 301/301 300/300 307/307
f 301/301 263/263 300/300
f 301/301 298/298 264/264
f 301/301 297/297 298/298
f 274/274 293/293 302/302
f 274/274 268/268 267/267
f 274/274 278/278 268/268
f 302/302 278/278 274/274
f 302/302 296/296 305/305
f 308/308 309/309 310/310
f 308/308 297/297 307/307
f 308/308 311/311 312/312
f 308/308 307/307 309/309
f 297/297 281/281 280/280
f 297/297 288/288 298/298
f 297/297 301/301 307/307
f 297/297 308/308 312/312
f 313/313 314/314 311/311
f 313/313 308/308 310/310
f 310/310 309/309 315/315
f 310/310 316/316 313/313
f 311/311 281/281 312/312
f 311/311 308/308 313/313
f 306/306 315/315 309/309
f 306/306 307/307 300/300
f 306/306 309/309 307/307
f 317/317 318/318 304/304
f 317/317 319/319 318/318
f 319/319 296/296 320/320
f 319/319 321/321 322/322
f 319/319 317/317 305/305
f 318/318 322/322 315/315
f 305/305 317/317 303/303
f 323/323 319/319 320/320
f 321/321 324/324 316/316
f 321/321 316/316 322/322
f 321/321 319/319 323/323
f 322/322 318/318 319/319
f 322/322 316/316 325/325
f 296/296 319/319 305/305
f 296/296 302/302 293/293
f 296/296 326/326 320/320
f 296/296 292/292 327/327
f 326/326 324/324 323/323
f 326/326 323/323 320/320
f 326/326 296/296 327/327
f 327/327 285/285 326/326
f 327/327 292/292 295/295
f 285/285 289/289 326/326
f 285/285 327/327 286/286
f 285/285 282/282 284/284
f 324/324 290/290 316/316
f 324/324 321/321 323/323
f 324/324 326/326 289/289
f 286/286 327/327 295/295
f 286/286 294/294 282/282
f 280/280 279/279 283/283
f 281/281 297/297 312/312
f 281/281 311/311 314/314
f 281/281 314/314 291/291
f 281/281 291/291 279/279
f 314/314 290/290 291/291
f 314/314 313/313 316/316
f 291/291 284/284 279/279
f 315/315 325/325 310/310
f 315/315 306/306 304/304
f 315/315 304/304 318/318
f 304/304 300/300 299/299
f 304/304 303/303 317/317
f 325/325 315/315 322/322
f 155/155 151/151 154/154
f 167/167 328/328 329/329
f 167/167 159/159 166/166
f 167/167 330/330 155/155
f 167/167 155/155 160/160
f 330/330 190/190 331/331
f 330/330 167/167 329/329
f 330/330 329/329 191/191
f 149/149 146/146 151/151
f 149/149 155/155 331/331
f 331/331 155/155 330/330
f 331/331 332/332 150/150
f 150/150 333/333 152/152
f 150/150 149/149 331/331
f 332/332 190/190 192/192
f 333/333 192/192 200/200
f 333/333 150/150 332/332
f 333/333 334/334 179/179
f 333/333 179/179 152/152
f 152/152 157/157 147/147
f 152/152 146/146 150/150
f 179/179 178/178 157/157
f 334/334 180/180 179/179
f 334/334 200/200 201/201
f 180/180 334/334 335/335
f 180/180 171/171 178/178
f 335/335 201/201 208/208
f 335/335 175/175 180/180
f 175/175 173/173 172/172
f 175/175 335/335 336/336
f 336/336 173/173 175/175
f 336/336 208/208 213/213
f 173/173 336/336 337/337
f 173/173 170/170 172/172
f 337/337 139/139 174/174
f 337/337 174/174 173/173
f 337/337 140/140 139/139
f 337/337 336/336 213/213
f 139/139 134/134 137/137
f 139/139 137/137 174/174
f 137/137 133/133 328/328
f 165/165 170/170 174/174
f 165/165 159/159 164/164
f 165/165 174/174 137/137
f 166/166 165/165 137/137
f 166/166 137/137 328/328
f 328/328 167/167 166/166
f 328/328 136/136 329/329
f 136/136 328/328 133/133
f 136/136 186/186 191/191
f 191/191 329/329 136/136
f 190/190 330/330 191/191
f 190/190 332/332 331/331
f 192/192 333/333 332/332
f 200/200 334/334 333/333
f 200/200 194/194 197/197
f 201/201 202/202 207/207
f 201/201 335/335 334/334
f 208/208 207/207 213/213
f 208/208 336/336 335/335
f 213/213 212/212 337/337
f 212/212 214/214 140/140
f 212/212 209/209 214/214
f 140/140 337/337 212/212
f 140/140 138/138 134/134
f 316/316 310/310 325/325
f 290/290 314/314 316/316
f 290/290 324/324 289/289
f 338/338 339/339 340/340
f 339/339 338/338 341/341
f 339/339 342/342 343/343
f 339/339 344/344 345/345
f 340/340 343/343 346/346
f 340/340 347/347 338/338
f 348/348 349/349 350/350
f 348/348 351/351 352/352
f 348/348 350/350 353/353
f 349/349 352/352 354/354
f 353/353 355/355 356/356
f 353/353 357/357 358/358
f 359/359 360/360 361/361
f 360/360 359/359 362/362
f 362/362 363/363 364/364
f 365/365 366/366 367/367
f 366/366 365/365 368/368
f 366/366 369/369 370/370
f 368/368 371/371 372/372
f 373/373 374/374 375/375
f 373/373 376/376 377/377
f 355/355 353/353 350/350
f 356/356 378/378 379/379
f 356/356 380/380 353/353
f 381/381 354/354 352/352
f 352/352 382/382 381/381
f 352/352 349/349 348/348
f 382/382 352/352 351/351
f 351/351 348/348 358/358
f 358/358 348/348 353/353
f 345/345 383/383 384/384
f 345/345 385/385 386/386
f 383/383 345/345 344/344
f 383/383 387/387 384/384
f 384/384 387/387 388/388
f 384/384 388/388 389/389
f 344/344 339/339 341/341
f 390/390 391/391 392/392
f 391/391 390/390 393/393
f 393/393 394/394 391/391
f 395/395 396/396 397/397
f 396/396 395/395 398/398
f 396/396 398/398 399/399
f 396/396 400/400 397/397
f 401/401 402/402 403/403
f 401/401 404/404 405/405
f 401/401 406/406 347/347
f 406/406 401/401 405/405
f 406/406 405/405 407/407
f 347/347 340/340 401/401
f 405/405 408/408 407/407
f 409/409 410/410 411/411
f 410/410 409/409 412/412
f 410/410 413/413 414/414
f 410/410 415/415 413/413
f 411/411 416/416 379/379
f 417/417 410/410 414/414
f 413/413 418/418 414/414
f 419/419 420/420 421/421
f 420/420 422/422 423/423
f 420/420 424/424 422/422
f 422/422 425/425 426/426
f 422/422 426/426 423/423
f 378/378 409/409 379/379
f 378/378 356/356 355/355
f 379/379 409/409 411/411
f 427/427 428/428 429/429
f 427/427 430/430 431/431
f 430/430 427/427 432/432
f 431/431 408/408 427/427
f 432/432 425/425 430/430
f 432/432 429/429 433/433
f 428/428 427/427 408/408
f 408/408 431/431 407/407
f 408/408 434/434 428/428
f 429/429 432/432 427/427
f 435/435 436/436 437/437
f 436/436 435/435 438/438
f 437/437 439/439 435/435
f 438/438 440/440 436/436
f 415/415 410/410 412/412
f 415/415 441/441 413/413
f 342/342 345/345 386/386
f 342/342 339/339 345/345
f 343/343 340/340 339/339
f 402/402 401/401 340/340
f 442/442 443/443 441/441
f 443/443 442/442 444/444
f 441/441 443/443 445/445
f 441/441 415/415 442/442
f 444/444 446/446 443/443
f 446/446 445/445 443/443
f 446/446 444/444 447/447
f 445/445 418/418 441/441
f 425/425 432/432 426/426
f 425/425 422/422 424/424
f 426/426 433/433 448/448
f 447/447 449/449 446/446
f 424/424 420/420 419/419
f 374/374 377/377 450/450
f 374/374 373/373 377/377
f 374/374 451/451 375/375
f 451/451 374/374 452/452
f 452/452 374/374 450/450
f 452/452 453/453 451/451
f 389/389 385/385 384/384
f 385/385 345/345 384/384
f 454/454 455/455 456/456
f 455/455 454/454 457/457
f 457/457 458/458 455/455
f 404/404 401/401 403/403
f 459/459 460/460 461/461
f 459/459 461/461 462/462
f 461/461 463/463 462/462
f 462/462 463/463 464/464
f 465/465 466/466 467/467
f 465/465 467/467 468/468
f 468/468 467/467 469/469
f 418/418 413/413 441/441
f 440/440 438/438 470/470
f 470/470 471/471 440/440
f 472/472 473/473 474/474
f 473/473 475/475 476/476
f 473/473 472/472 477/477
f 473/473 476/476 474/474
f 477/477 478/478 473/473
f 479/479 480/480 452/452
f 480/480 481/481 453/453
f 480/480 479/479 482/482
f 453/453 452/452 480/480
f 483/483 484/484 485/485
f 484/484 370/370 485/485
f 484/484 486/486 487/487
f 484/484 488/488 366/366
f 484/484 366/366 370/370
f 484/484 483/483 489/489
f 489/489 490/490 491/491
f 481/481 480/480 492/492
f 492/492 493/493 400/400
f 492/492 494/494 481/481
f 495/495 496/496 497/497
f 496/496 495/495 498/498
f 497/497 499/499 495/495
f 498/498 500/500 496/496
f 450/450 479/479 452/452
f 369/369 368/368 372/372
f 369/369 366/366 368/368
f 371/371 368/368 501/501
f 486/486 484/484 489/489
f 486/486 489/489 502/502
f 502/502 491/491 503/503
f 504/504 505/505 506/506
f 505/505 507/507 508/508
f 505/505 504/504 509/509
f 505/505 399/399 398/398
f 505/505 510/510 506/506
f 509/509 511/511 512/512
f 399/399 505/505 508/508
f 491/491 502/502 489/489
f 491/491 513/513 503/503
f 491/491 514/514 515/515
f 514/514 516/516 515/515
f 514/514 491/491 490/490
f 515/515 516/516 517/517
f 490/490 489/489 483/483
f 494/494 492/492 396/396
f 494/494 396/396 399/399
f 518/518 519/519 520/520
f 518/518 521/521 522/522
f 519/519 476/476 520/520
f 520/520 475/475 521/521
f 478/478 477/477 523/523
f 507/507 512/512 524/524
f 507/507 509/509 512/512
f 507/507 505/505 509/509
f 476/476 519/519 525/525
f 476/476 525/525 474/474
f 526/526 477/477 472/472
f 526/526 517/517 477/477
f 517/517 516/516 523/523
f 517/517 523/523 477/477
f 517/517 527/527 515/515
f 524/524 528/528 529/529
f 528/528 524/524 512/512
f 528/528 512/512 530/530
f 529/529 531/531 532/532
f 531/531 528/528 530/530
f 531/531 529/529 528/528
f 475/475 473/473 478/478
f 475/475 520/520 476/476
f 533/533 534/534 535/535
f 533/533 535/535 536/536
f 536/536 535/535 537/537
f 521/521 518/518 520/520
f 471/471 470/470 538/538
f 471/471 539/539 540/540
f 539/539 471/471 538/538
f 501/501 368/368 365/365
f 527/527 517/517 526/526
f 493/493 492/492 480/480
f 400/400 396/396 492/492
f 510/510 505/505 398/398
f 511/511 509/509 504/504
f 511/511 530/530 512/512
f 363/363 362/362 359/359
f 364/364 541/541 382/382
f 346/346 402/402 340/340
f 500/500 498/498 534/534
f 534/534 533/533 500/500
f 541/541 364/364 363/363
f 541/541 542/542 382/382
f 542/542 541/541 543/543
f 542/542 381/381 382/382
f 458/458 457/457 439/439
f 439/439 437/437 458/458
f 433/433 426/426 432/432
f 380/380 356/356 544/544
f 544/544 379/379 545/545
f 544/544 356/356 379/379
f 546/546 547/547 548/548
f 548/548 549/549 546/546
f 550/550 547/547 551/551
f 550/550 548/548 547/547
f 488/488 367/367 366/366
f 488/488 484/484 487/487
f 469/469 551/551 468/468
f 469/469 550/550 551/551
f 545/545 379/379 416/416
f 394/394 393/393 552/552
f 552/552 553/553 394/394
f 554/554 555/555 549/549
f 555/555 546/546 549/549
f 555/555 554/554 556/556
f 513/513 491/491 515/515
f 553/553 552/552 557/557
f 558/558 410/410 417/417
f 558/558 411/411 410/410
f 448/448 423/423 426/426
f 559/559 560/560 561/561
f 561/561 562/562 559/559
f 563/563 564/564 565/565
f 564/564 563/563 566/566
f 434/434 408/408 405/405
f 567/567 392/392 568/568
f 567/567 390/390 392/392
f 569/569 499/499 570/570
f 499/499 497/497 570/570
f 499/499 569/569 571/571
f 572/572 573/573 574/574
f 573/573 572/572 575/575
f 576/576 577/577 578/578
f 576/576 578/578 579/579
f 580/580 581/581 582/582
f 581/581 580/580 583/583
f 584/584 585/585 586/586
f 584/584 586/586 587/587
f 464/464 463/463 588/588
f 464/464 588/588 589/589
f 590/590 591/591 592/592
f 590/590 593/593 594/594
f 593/593 595/595 596/596
f 593/593 597/597 598/598
f 594/594 599/599 590/590
f 600/600 594/594 593/593
f 600/600 596/596 601/601
f 602/602 603/603 604/604
f 603/603 602/602 605/605
f 603/603 606/606 604/604
f 605/605 607/607 603/603
f 605/605 608/608 609/609
f 610/610 611/611 612/612
f 611/611 610/610 613/613
f 613/613 614/614 615/615
f 616/616 617/617 618/618
f 616/616 618/618 619/619
f 616/616 620/620 621/621
f 616/616 622/622 623/623
f 620/620 616/616 619/619
f 619/619 618/618 624/624
f 623/623 617/617 616/616
f 618/618 625/625 608/608
f 622/622 616/616 621/621
f 606/606 603/603 626/626
f 626/626 627/627 628/628
f 626/626 629/629 606/606
f 630/630 631/631 632/632
f 630/630 601/601 633/633
f 601/601 596/596 633/633
f 633/633 596/596 634/634
f 633/633 635/635 631/631
f 596/596 600/600 593/593
f 596/596 595/595 636/636
f 624/624 608/608 637/637
f 608/608 605/605 637/637
f 608/608 624/624 618/618
f 637/637 605/605 602/602
f 625/625 609/609 608/608
f 625/625 618/618 617/617
f 636/636 634/634 596/596
f 638/638 639/639 640/640
f 638/638 641/641 642/642
f 638/638 642/642 643/643
f 642/642 641/641 644/644
f 632/632 645/645 646/646
f 645/645 631/631 647/647
f 645/645 632/632 631/631
f 631/631 630/630 633/633
f 648/648 649/649 650/650
f 649/649 651/651 652/652
f 649/649 653/653 650/650
f 653/653 654/654 655/655
f 656/656 657/657 658/658
f 657/657 659/659 658/658
f 658/658 599/599 656/656
f 658/658 660/660 661/661
f 599/599 662/662 591/591
f 599/599 594/594 656/656
f 663/663 664/664 665/665
f 664/664 666/666 667/667
f 664/664 629/629 668/668
f 665/665 664/664 667/667
f 667/667 666/666 669/669
f 667/667 670/670 665/665
f 671/671 669/669 672/672
f 671/671 673/673 670/670
f 669/669 671/671 667/667
f 674/674 675/675 676/676
f 676/676 677/677 678/678
f 676/676 679/679 674/674
f 678/678 680/680 681/681
f 678/678 682/682 679/679
f 629/629 626/626 668/668
f 629/629 664/664 663/663
f 668/668 626/626 628/628
f 668/668 628/628 683/683
f 668/668 683/683 684/684
f 685/685 686/686 687/687
f 685/685 688/688 689/689
f 685/685 682/682 681/681
f 685/685 690/690 691/691
f 688/688 685/685 691/691
f 691/691 692/692 688/688
f 690/690 659/659 691/691
f 690/690 685/685 687/687
f 659/659 690/690 660/660
f 659/659 657/657 692/692
f 660/660 658/658 659/659
f 693/693 694/694 695/695
f 694/694 693/693 696/696
f 696/696 697/697 698/698
f 670/670 667/667 671/671
f 595/595 593/593 598/598
f 591/591 590/590 599/599
f 592/592 597/597 590/590
f 699/699 700/700 701/701
f 699/699 673/673 700/700
f 673/673 699/699 702/702
f 673/673 671/671 700/700
f 700/700 703/703 701/701
f 700/700 671/671 672/672
f 702/702 704/704 705/705
f 704/704 699/699 701/701
f 704/704 702/702 699/699
f 682/682 678/678 681/681
f 682/682 685/685 689/689
f 705/705 704/704 706/706
f 679/679 676/676 678/678
f 707/707 708/708 709/709
f 708/708 710/710 711/711
f 708/708 707/707 712/712
f 709/709 713/713 707/707
f 712/712 714/714 708/708
f 692/692 691/691 659/659
f 635/635 633/633 634/634
f 647/647 631/631 635/635
f 715/715 716/716 717/717
f 716/716 715/715 718/718
f 717/717 698/698 697/697
f 662/662 599/599 658/658
f 719/719 720/720 721/721
f 720/720 719/719 722/722
f 720/720 723/723 724/724
f 725/725 726/726 727/727
f 726/726 725/725 728/728
f 727/727 729/729 730/730
f 703/703 700/700 672/672
f 731/731 732/732 733/733
f 732/732 731/731 734/734
f 734/734 735/735 736/736
f 737/737 738/738 739/739
f 737/737 739/739 740/740
f 739/739 741/741 742/742
f 739/739 743/743 741/741
f 740/740 744/744 745/745
f 740/740 746/746 737/737
f 746/746 745/745 747/747
f 710/710 708/708 714/714
f 711/711 709/709 708/708
f 711/711 748/748 709/709
f 714/714 749/749 652/652
f 714/714 712/712 750/750
f 751/751 752/752 753/753
f 751/751 754/754 752/752
f 751/751 753/753 755/755
f 754/754 756/756 752/752
f 752/752 757/757 758/758
f 752/752 759/759 753/753
f 753/753 759/759 760/760
f 753/753 760/760 761/761
f 762/762 763/763 764/764
f 762/762 765/765 766/766
f 765/765 762/762 767/767
f 766/766 768/768 762/762
f 767/767 762/762 769/769
f 749/749 714/714 750/750
f 652/652 654/654 649/649
f 652/652 770/770 714/714
f 769/769 762/762 764/764
f 763/763 762/762 768/768
f 768/768 748/748 763/763
f 768/768 766/766 713/713
f 771/771 772/772 773/773
f 771/771 774/774 775/775
f 772/772 771/771 756/756
f 773/773 776/776 771/771
f 773/773 777/777 776/776
f 756/756 775/775 778/778
f 756/756 771/771 775/775
f 756/756 754/754 772/772
f 756/756 778/778 757/757
f 748/748 768/768 709/709
f 713/713 709/709 768/768
f 777/777 779/779 776/776
f 779/779 777/777 780/780
f 776/776 781/781 774/774
f 776/776 779/779 781/781
f 759/759 752/752 758/758
f 782/782 783/783 784/784
f 783/783 785/785 786/786
f 783/783 782/782 787/787
f 783/783 786/786 784/784
f 787/787 655/655 788/788
f 787/787 789/789 783/783
f 787/787 790/790 653/653
f 655/655 787/787 653/653
f 791/791 792/792 793/793
f 791/791 751/751 755/755
f 792/792 794/794 747/747
f 792/792 791/791 755/755
f 793/793 745/745 744/744
f 755/755 795/795 792/792
f 755/755 753/753 761/761
f 654/654 652/652 749/749
f 654/654 653/653 649/649
f 796/796 797/797 798/798
f 796/796 799/799 797/797
f 797/797 738/738 798/798
f 797/797 743/743 738/738
f 798/798 738/738 800/800
f 742/742 740/740 739/739
f 789/789 787/787 788/788
f 738/738 737/737 801/801
f 745/745 746/746 740/740
f 745/745 792/792 747/747
f 745/745 793/793 792/792
f 802/802 785/785 803/803
f 785/785 802/802 786/786
f 785/785 783/783 789/789
f 803/803 804/804 802/802
f 786/786 805/805 806/806
f 786/786 802/802 805/805
f 786/786 806/806 784/784
f 804/804 805/805 802/802
f 804/804 803/803 807/807
f 743/743 797/797 799/799
f 743/743 739/739 738/738
f 808/808 809/809 810/810
f 809/809 811/811 812/812
f 810/810 809/809 813/813
f 813/813 809/809 812/812
f 799/799 796/796 814/814
f 815/815 736/736 735/735
f 736/736 815/815 816/816
f 735/735 734/734 731/731
f 744/744 740/740 742/742
f 774/774 771/771 776/776
f 770/770 652/652 651/651
f 651/651 649/649 648/648
f 790/790 787/787 782/782
f 614/614 613/613 610/610
f 614/614 817/817 615/615
f 597/597 593/593 590/590
f 818/818 819/819 820/820
f 819/819 818/818 817/817
f 820/820 821/821 818/818
f 817/817 614/614 819/819
f 822/822 811/811 823/823
f 811/811 822/822 812/812
f 823/823 824/824 822/822
f 821/821 820/820 825/825
f 821/821 826/826 827/827
f 698/698 717/717 716/716
f 697/697 696/696 693/693
f 824/824 823/823 828/828
f 828/828 829/829 824/824
f 607/607 605/605 609/609
f 627/627 626/626 603/603
f 830/830 831/831 832/832
f 831/831 830/830 833/833
f 832/832 730/730 729/729
f 833/833 834/834 835/835
f 757/757 752/752 756/756
f 730/730 832/832 831/831
f 729/729 727/727 726/726
f 684/684 664/664 668/668
f 639/639 638/638 643/643
f 640/640 836/836 837/837
f 838/838 835/835 839/839
f 839/839 835/835 834/834
f 834/834 833/833 830/830
f 826/826 808/808 810/810
f 826/826 810/810 827/827
f 826/826 821/821 825/825
f 795/795 755/755 761/761
f 836/836 640/640 639/639
f 686/686 685/685 681/681
f 829/829 828/828 840/840
f 840/840 841/841 829/829
f 842/842 843/843 844/844
f 845/845 844/844 843/843
f 846/846 695/695 847/847
f 847/847 695/695 694/694
f 680/680 678/678 677/677
f 848/848 849/849 850/850
f 851/851 850/850 849/849
f 852/852 853/853 854/854
f 853/853 852/852 855/855
f 856/856 642/642 644/644
f 857/857 858/858 859/859
f 858/858 857/857 841/841
f 841/841 840/840 858/858
f 860/860 861/861 862/862
f 861/861 860/860 863/863
f 864/864 865/865 866/866
f 867/867 865/865 864/864
f 868/868 869/869 870/870
f 869/869 868/868 871/871
f 872/872 873/873 874/874
f 875/875 873/873 872/872
f 724/724 721/721 720/720
f 724/724 876/876 877/877
f 876/876 724/724 723/723
f 878/878 879/879 880/880
f 878/878 880/880 881/881
f 878/878 881/881 882/882
f 879/879 878/878 883/883
f 880/880 884/884 881/881
f 883/883 885/885 879/879
f 883/883 886/886 885/885
f 883/883 887/887 888/888
f 889/889 890/890 891/891
f 889/889 892/892 893/893
f 892/892 889/889 891/891
f 891/891 894/894 892/892
f 891/891 895/895 896/896
f 897/897 898/898 899/899
f 897/897 900/900 901/901
f 901/901 902/902 897/897
f 903/903 904/904 905/905
f 904/904 903/903 906/906
f 906/906 903/903 907/907
f 906/906 890/890 904/904
f 908/908 909/909 910/910
f 909/909 908/908 911/911
f 909/909 912/912 913/913
f 909/909 914/914 912/912
f 910/910 909/909 915/915
f 910/910 916/916 917/917
f 910/910 917/917 918/918
f 919/919 895/895 920/920
f 919/919 906/906 907/907
f 921/921 922/922 923/923
f 921/921 924/924 925/925
f 921/921 926/926 893/893
f 921/921 893/893 892/892
f 926/926 925/925 927/927
f 890/890 906/906 920/920
f 890/890 920/920 891/891
f 920/920 906/906 919/919
f 895/895 891/891 920/920
f 885/885 928/928 929/929
f 885/885 886/886 928/928
f 886/886 930/930 928/928
f 886/886 931/931 932/932
f 886/886 888/888 931/931
f 928/928 933/933 934/934
f 928/928 935/935 933/933
f 936/936 937/937 938/938
f 937/937 936/936 939/939
f 938/938 937/937 940/940
f 939/939 941/941 942/942
f 934/934 929/929 928/928
f 943/943 944/944 945/945
f 944/944 943/943 946/946
f 944/944 947/947 948/948
f 945/945 949/949 950/950
f 945/945 951/951 952/952
f 946/946 947/947 944/944
f 884/884 953/953 881/881
f 953/953 884/884 954/954
f 881/881 955/955 882/882
f 954/954 956/956 953/953
f 957/957 958/958 959/959
f 958/958 957/957 960/960
f 958/958 961/961 959/959
f 960/960 962/962 958/958
f 960/960 927/927 925/925
f 962/962 963/963 958/958
f 962/962 960/960 964/964
f 963/963 965/965 961/961
f 963/963 966/966 967/967
f 963/963 962/962 968/968
f 969/969 970/970 971/971
f 971/971 972/972 969/969
f 971/971 973/973 974/974
f 973/973 975/975 976/976
f 974/974 977/977 972/972
f 927/927 960/960 957/957
f 925/925 924/924 978/978
f 925/925 926/926 921/921
f 979/979 980/980 981/981
f 979/979 982/982 983/983
f 982/982 979/979 981/981
f 983/983 977/977 976/976
f 983/983 984/984 979/979
f 956/956 985/985 953/953
f 956/956 984/984 986/986
f 956/956 954/954 980/980
f 984/984 956/956 979/979
f 984/984 983/983 987/987
f 988/988 989/989 990/990
f 988/988 990/990 991/991
f 989/989 992/992 993/993
f 989/989 993/993 990/990
f 961/961 958/958 963/963
f 888/888 886/886 883/883
f 882/882 994/994 878/878
f 965/965 963/963 967/967
f 965/965 995/995 996/996
f 995/995 967/967 997/997
f 995/995 965/965 967/967
f 996/996 998/998 999/999
f 998/998 996/996 995/995
f 998/998 995/995 997/997
f 997/997 967/967 966/966
f 977/977 983/983 982/982
f 977/977 974/974 976/976
f 976/976 974/974 973/973
f 999/999 998/998 1000/1000
f 972/972 971/971 974/974
f 1001/1001 1002/1002 1003/1003
f 1001/1001 1004/1004 1005/1005
f 1001/1001 1006/1006 1007/1007
f 1006/1006 1008/1008 1009/1009
f 1006/1006 1001/1001 1003/1003
f 1007/1007 1010/1010 1001/1001
f 1003/1003 1011/1011 1008/1008
f 980/980 979/979 956/956
f 935/935 928/928 930/930
f 930/930 886/886 932/932
f 1012/1012 1013/1013 1014/1014
f 1013/1013 1012/1012 1015/1015
f 1013/1013 992/992 1014/1014
f 955/955 881/881 953/953
f 1016/1016 1017/1017 1018/1018
f 1016/1016 1018/1018 1019/1019
f 1016/1016 1020/1020 1017/1017
f 1018/1018 1021/1021 1019/1019
f 1022/1022 1023/1023 1024/1024
f 1023/1023 1022/1022 1025/1025
f 1024/1024 1026/1026 1022/1022
f 966/966 963/963 968/968
f 1027/1027 988/988 991/991
f 1027/1027 991/991 1028/1028
f 1029/1029 1030/1030 1031/1031
f 1029/1029 1032/1032 1033/1033
f 1032/1032 1029/1029 1034/1034
f 1032/1032 1035/1035 1036/1036
f 1033/1033 1037/1037 1030/1030
f 1033/1033 1036/1036 1038/1038
f 1034/1034 1039/1039 1032/1032
f 1004/1004 1001/1001 1010/1010
f 1010/1010 1007/1007 1040/1040
f 1040/1040 947/947 1010/1010
f 1041/1041 1042/1042 913/913
f 1041/1041 1043/1043 1044/1044
f 1042/1042 1041/1041 1045/1045
f 913/913 1046/1046 1041/1041
f 913/913 915/915 909/909
f 913/913 1042/1042 915/915
f 1045/1045 1044/1044 1047/1047
f 1008/1008 1048/1048 1009/1009
f 1008/1008 1006/1006 1003/1003
f 1048/1048 1008/1008 1049/1049
f 1050/1050 1009/1009 1048/1048
f 947/947 1051/1051 1010/1010
f 947/947 946/946 1052/1052
f 947/947 1040/1040 948/948
f 1011/1011 1049/1049 1008/1008
f 1053/1053 1054/1054 1055/1055
f 1054/1054 1053/1053 1056/1056
f 1054/1054 1056/1056 1057/1057
f 1055/1055 1058/1058 1059/1059
f 1056/1056 1060/1060 1057/1057
f 1002/1002 1001/1001 1005/1005
f 1002/1002 1011/1011 1003/1003
f 1061/1061 910/910 915/915
f 1061/1061 916/916 910/910
f 1046/1046 1062/1062 1041/1041
f 1046/1046 913/913 912/912
f 1063/1063 1064/1064 1065/1065
f 1064/1064 1063/1063 951/951
f 1064/1064 1066/1066 1065/1065
f 1064/1064 950/950 1067/1067
f 1065/1065 1068/1068 1063/1063
f 1065/1065 1069/1069 1070/1070
f 951/951 945/945 1064/1064
f 950/950 1064/1064 945/945
f 1044/1044 1071/1071 1072/1072
f 1044/1044 1072/1072 1047/1047
f 1044/1044 1045/1045 1041/1041
f 1072/1072 1073/1073 1047/1047
f 1073/1073 1030/1030 1037/1037
f 949/949 944/944 948/948
f 949/949 945/945 944/944
f 1074/1074 1075/1075 1076/1076
f 1074/1074 1076/1076 1077/1077
f 1076/1076 1039/1039 1077/1077
f 1076/1076 1035/1035 1039/1039
f 1077/1077 1039/1039 1078/1078
f 1036/1036 1033/1033 1032/1032
f 1066/1066 1064/1064 1067/1067
f 1039/1039 1034/1034 1078/1078
f 1030/1030 1029/1029 1033/1033
f 1030/1030 1073/1073 1072/1072
f 1030/1030 1079/1079 1031/1031
f 1069/1069 1065/1065 1066/1066
f 1069/1069 1080/1080 1070/1070
f 1080/1080 1069/1069 1081/1081
f 1070/1070 1080/1080 1082/1082
f 1070/1070 1082/1082 1068/1068
f 1081/1081 1083/1083 1080/1080
f 1043/1043 1041/1041 1062/1062
f 1083/1083 1081/1081 1084/1084
f 1083/1083 1082/1082 1080/1080
f 1035/1035 1032/1032 1039/1039
f 1035/1035 1076/1076 1075/1075
f 1085/1085 1086/1086 1087/1087
f 1087/1087 1088/1088 1089/1089
f 1087/1087 1086/1086 1090/1090
f 1090/1090 1059/1059 1058/1058
f 1075/1075 1074/1074 1091/1091
f 1092/1092 1093/1093 1094/1094
f 1093/1093 1092/1092 1095/1095
f 1094/1094 1028/1028 1092/1092
f 1094/1094 1027/1027 1028/1028
f 1037/1037 1033/1033 1038/1038
f 918/918 908/908 910/910
f 1079/1079 1030/1030 1072/1072
f 1051/1051 947/947 1052/1052
f 1068/1068 1065/1065 1070/1070
f 898/898 897/897 902/902
f 899/899 1096/1096 1097/1097
f 887/887 878/878 994/994
f 887/887 883/883 878/878
f 1059/1059 1090/1090 1086/1086
f 1059/1059 1053/1053 1055/1055
f 1097/1097 1098/1098 1099/1099
f 1098/1098 1097/1097 1096/1096
f 1098/1098 1089/1089 1088/1088
f 1099/1099 1098/1098 1088/1088
f 1096/1096 899/899 898/898
f 992/992 1013/1013 993/993
f 894/894 891/891 896/896
f 987/987 983/983 976/976
f 987/987 976/976 975/975
f 922/922 921/921 892/892
f 1100/1100 1101/1101 1102/1102
f 1101/1101 1100/1100 1103/1103
f 1102/1102 1104/1104 1100/1100
f 1103/1103 1105/1105 1101/1101
f 914/914 909/909 911/911
f 1104/1104 1102/1102 1026/1026
f 1026/1026 1024/1024 1104/1104
f 978/978 960/960 925/925
f 924/924 921/921 923/923
f 941/941 939/939 936/936
f 942/942 1106/1106 1107/1107
f 1108/1108 1109/1109 1105/1105
f 1109/1109 1108/1108 1110/1110
f 1105/1105 1103/1103 1108/1108
f 1089/1089 1085/1085 1087/1087
f 1071/1071 1044/1044 1043/1043
f 1106/1106 942/942 941/941
f 1111/1111 1112/1112 1113/1113
f 1114/1114 1113/1113 1112/1112
f 1115/1115 1116/1116 1117/1117
f 1116/1116 1115/1115 1118/1118
f 985/985 956/956 986/986
f 1119/1119 938/938 940/940
f 1120/1120 1060/1060 1121/1121
f 1060/1060 1120/1120 1057/1057
f 1122/1122 1123/1123 1124/1124
f 1123/1123 1122/1122 1125/1125
f 1126/1126 1127/1127 1128/1128
f 1129/1129 1128/1128 1127/1127
f 1130/1130 1131/1131 1132/1132
f 1131/1131 1130/1130 1133/1133
f 1134/1134 1135/1135 1136/1136
f 1137/1137 1136/1136 1135/1135
f 1020/1020 1138/1138 1017/1017
f 1020/1020 1139/1139 1138/1138
f 1140/1140 1141/1141 1142/1142
f 1140/1140 1143/1143 1144/1144
f 1141/1141 1145/1145 1146/1146
f 1141/1141 1147/1147 1145/1145
f 1141/1141 1140/1140 1148/1148
f 1142/1142 1146/1146 1149/1149
f 1142/1142 1150/1150 1143/1143
f 1148/1148 1151/1151 1141/1141
f 1152/1152 1153/1153 1154/1154
f 1152/1152 1155/1155 1156/1156
f 1153/1153 1152/1152 1156/1156
f 1154/1154 1157/1157 1158/1158
f 1154/1154 1159/1159 1152/1152
f 1154/1154 1160/1160 1161/1161
f 1162/1162 1163/1163 1164/1164
f 1162/1162 1165/1165 1166/1166
f 1163/1163 1162/1162 1167/1167
f 1168/1168 1169/1169 1170/1170
f 1168/1168 1171/1171 1169/1169
f 1171/1171 1157/1157 1169/1169
f 1171/1171 1168/1168 1172/1172
f 1171/1171 1172/1172 1173/1173
f 1174/1174 1175/1175 1176/1176
f 1174/1174 1177/1177 1178/1178
f 1174/1174 1179/1179 1177/1177
f 1179/1179 1174/1174 1180/1180
f 1179/1179 1180/1180 1181/1181
f 1180/1180 1182/1182 1181/1181
f 1173/1173 1158/1158 1171/1171
f 1155/1155 1152/1152 1183/1183
f 1155/1155 1184/1184 1185/1185
f 1183/1183 1186/1186 1187/1187
f 1157/1157 1171/1171 1158/1158
f 1157/1157 1154/1154 1153/1153
f 1158/1158 1173/1173 1160/1160
f 1160/1160 1154/1154 1158/1158
f 1144/1144 1143/1143 1188/1188
f 1144/1144 1188/1188 1189/1189
f 1188/1188 1190/1190 1191/1191
f 1189/1189 1192/1192 1193/1193
f 1143/1143 1190/1190 1188/1188
f 1143/1143 1150/1150 1194/1194
f 1143/1143 1140/1140 1142/1142
f 1195/1195 1196/1196 1197/1197
f 1196/1196 1198/1198 1197/1197
f 1196/1196 1195/1195 1199/1199
f 1197/1197 1198/1198 1200/1200
f 1199/1199 1201/1201 1202/1202
f 1192/1192 1189/1189 1188/1188
f 1192/1192 1188/1188 1191/1191
f 1203/1203 1204/1204 1205/1205
f 1204/1204 1206/1206 1207/1207
f 1205/1205 1204/1204 1208/1208
f 1208/1208 1209/1209 1210/1210
f 1208/1208 1211/1211 1212/1212
f 1213/1213 1214/1214 1215/1215
f 1214/1214 1216/1216 1215/1215
f 1215/1215 1151/1151 1213/1213
f 1151/1151 1217/1217 1147/1147
f 1151/1151 1148/1148 1213/1213
f 1218/1218 1219/1219 1220/1220
f 1219/1219 1218/1218 1221/1221
f 1219/1219 1222/1222 1220/1220
f 1219/1219 1223/1223 1224/1224
f 1221/1221 1185/1185 1184/1184
f 1224/1224 1225/1225 1219/1219
f 1225/1225 1226/1226 1227/1227
f 1225/1225 1224/1224 1226/1226
f 1225/1225 1228/1228 1222/1222
f 1229/1229 1230/1230 1231/1231
f 1231/1231 1232/1232 1233/1233
f 1231/1231 1234/1234 1229/1229
f 1233/1233 1235/1235 1234/1234
f 1185/1185 1221/1221 1218/1218
f 1184/1184 1187/1187 1236/1236
f 1184/1184 1155/1155 1183/1183
f 1184/1184 1236/1236 1237/1237
f 1238/1238 1239/1239 1240/1240
f 1238/1238 1241/1241 1242/1242
f 1241/1241 1238/1238 1240/1240
f 1242/1242 1243/1243 1238/1238
f 1242/1242 1235/1235 1244/1244
f 1243/1243 1216/1216 1238/1238
f 1243/1243 1242/1242 1245/1245
f 1216/1216 1246/1246 1215/1215
f 1216/1216 1214/1214 1239/1239
f 1216/1216 1243/1243 1247/1247
f 1248/1248 1249/1249 1250/1250
f 1249/1249 1248/1248 1251/1251
f 1250/1250 1252/1252 1253/1253
f 1251/1251 1254/1254 1255/1255
f 1222/1222 1219/1219 1225/1225
f 1150/1150 1142/1142 1149/1149
f 1147/1147 1141/1141 1151/1151
f 1228/1228 1256/1256 1257/1257
f 1228/1228 1225/1225 1227/1227
f 1256/1256 1227/1227 1258/1258
f 1256/1256 1228/1228 1227/1227
f 1257/1257 1259/1259 1260/1260
f 1227/1227 1226/1226 1261/1261
f 1259/1259 1256/1256 1258/1258
f 1259/1259 1257/1257 1256/1256
f 1235/1235 1233/1233 1244/1244
f 1235/1235 1242/1242 1241/1241
f 1244/1244 1232/1232 1262/1262
f 1244/1244 1233/1233 1232/1232
f 1244/1244 1245/1245 1242/1242
f 1260/1260 1259/1259 1263/1263
f 1234/1234 1231/1231 1233/1233
f 1264/1264 1265/1265 1266/1266
f 1264/1264 1267/1267 1268/1268
f 1265/1265 1269/1269 1266/1266
f 1265/1265 1264/1264 1270/1270
f 1266/1266 1271/1271 1272/1272
f 1266/1266 1267/1267 1264/1264
f 1270/1270 1273/1273 1274/1274
f 1239/1239 1238/1238 1216/1216
f 1190/1190 1143/1143 1194/1194
f 1275/1275 1276/1276 1277/1277
f 1276/1276 1275/1275 1278/1278
f 1278/1278 1253/1253 1252/1252
f 1217/1217 1151/1151 1215/1215
f 1279/1279 1280/1280 1281/1281
f 1281/1281 1280/1280 1282/1282
f 1282/1282 1283/1283 1284/1284
f 1285/1285 1286/1286 1287/1287
f 1287/1287 1286/1286 1288/1288
f 1261/1261 1258/1258 1227/1227
f 1254/1254 1251/1251 1248/1248
f 1255/1255 1289/1289 1290/1290
f 1291/1291 1292/1292 1293/1293
f 1291/1291 1294/1294 1295/1295
f 1291/1291 1296/1296 1297/1297
f 1292/1292 1298/1298 1299/1299
f 1292/1292 1291/1291 1300/1300
f 1300/1300 1301/1301 1298/1298
f 1300/1300 1297/1297 1302/1302
f 1271/1271 1266/1266 1269/1269
f 1269/1269 1303/1303 1207/1207
f 1269/1269 1265/1265 1304/1304
f 1175/1175 1174/1174 1305/1305
f 1175/1175 1306/1306 1307/1307
f 1306/1306 1308/1308 1309/1309
f 1306/1306 1309/1309 1310/1310
f 1306/1306 1175/1175 1305/1305
f 1307/1307 1306/1306 1311/1311
f 1305/1305 1308/1308 1306/1306
f 1305/1305 1178/1178 1312/1312
f 1274/1274 1313/1313 1314/1314
f 1313/1313 1273/1273 1315/1315
f 1313/1313 1274/1274 1273/1273
f 1273/1273 1270/1270 1264/1264
f 1273/1273 1264/1264 1268/1268
f 1273/1273 1268/1268 1315/1315
f 1303/1303 1269/1269 1304/1304
f 1207/1207 1209/1209 1204/1204
f 1207/1207 1316/1316 1269/1269
f 1317/1317 1318/1318 1319/1319
f 1317/1317 1319/1319 1320/1320
f 1317/1317 1321/1321 1318/1318
f 1321/1321 1322/1322 1318/1318
f 1267/1267 1266/1266 1272/1272
f 1176/1176 1180/1180 1174/1174
f 1176/1176 1323/1323 1180/1180
f 1323/1323 1182/1182 1180/1180
f 1182/1182 1323/1323 1324/1324
f 1308/1308 1305/1305 1312/1312
f 1325/1325 1326/1326 1327/1327
f 1326/1326 1328/1328 1329/1329
f 1326/1326 1330/1330 1327/1327
f 1326/1326 1325/1325 1212/1212
f 1212/1212 1331/1331 1208/1208
f 1212/1212 1332/1332 1326/1326
f 1211/1211 1208/1208 1210/1210
f 1333/1333 1334/1334 1335/1335
f 1334/1334 1336/1336 1299/1299
f 1334/1334 1333/1333 1311/1311
f 1335/1335 1298/1298 1301/1301
f 1311/1311 1337/1337 1334/1334
f 1311/1311 1333/1333 1307/1307
f 1209/1209 1208/1208 1204/1204
f 1209/1209 1207/1207 1303/1303
f 1338/1338 1339/1339 1340/1340
f 1338/1338 1340/1340 1341/1341
f 1340/1340 1295/1295 1341/1341
f 1340/1340 1296/1296 1295/1295
f 1297/1297 1300/1300 1291/1291
f 1332/1332 1212/1212 1211/1211
f 1294/1294 1291/1291 1293/1293
f 1295/1295 1294/1294 1341/1341
f 1298/1298 1292/1292 1300/1300
f 1298/1298 1335/1335 1334/1334
f 1298/1298 1334/1334 1299/1299
f 1328/1328 1342/1342 1329/1329
f 1328/1328 1326/1326 1332/1332
f 1342/1342 1328/1328 1343/1343
f 1329/1329 1342/1342 1344/1344
f 1343/1343 1345/1345 1342/1342
f 1310/1310 1311/1311 1306/1306
f 1345/1345 1343/1343 1346/1346
f 1345/1345 1344/1344 1342/1342
f 1344/1344 1330/1330 1329/1329
f 1296/1296 1291/1291 1295/1295
f 1296/1296 1340/1340 1339/1339
f 1347/1347 1348/1348 1349/1349
f 1348/1348 1320/1320 1350/1350
f 1349/1349 1351/1351 1347/1347
f 1339/1339 1338/1338 1352/1352
f 1353/1353 1290/1290 1289/1289
f 1289/1289 1255/1255 1254/1254
f 1354/1354 1290/1290 1353/1353
f 1301/1301 1300/1300 1302/1302
f 1316/1316 1207/1207 1206/1206
f 1206/1206 1204/1204 1203/1203
f 1331/1331 1212/1212 1325/1325
f 1330/1330 1326/1326 1329/1329
f 1165/1165 1162/1162 1164/1164
f 1166/1166 1355/1355 1356/1356
f 1146/1146 1142/1142 1141/1141
f 1320/1320 1319/1319 1350/1350
f 1320/1320 1348/1348 1347/1347
f 1357/1357 1356/1356 1355/1355
f 1357/1357 1358/1358 1359/1359
f 1356/1356 1357/1357 1359/1359
f 1355/1355 1166/1166 1165/1165
f 1253/1253 1278/1278 1275/1275
f 1252/1252 1250/1250 1249/1249
f 1159/1159 1154/1154 1161/1161
f 1245/1245 1244/1244 1262/1262
f 1186/1186 1183/1183 1152/1152
f 1187/1187 1184/1184 1183/1183
f 1360/1360 1361/1361 1362/1362
f 1361/1361 1363/1363 1364/1364
f 1362/1362 1365/1365 1360/1360
f 1365/1365 1366/1366 1367/1367
f 1178/1178 1305/1305 1174/1174
f 1367/1367 1366/1366 1288/1288
f 1367/1367 1360/1360 1365/1365
f 1366/1366 1287/1287 1288/1288
f 1237/1237 1221/1221 1184/1184
f 1201/1201 1199/1199 1195/1195
f 1202/1202 1368/1368 1369/1369
f 1370/1370 1363/1363 1371/1371
f 1363/1363 1370/1370 1364/1364
f 1364/1364 1362/1362 1361/1361
f 1358/1358 1372/1372 1349/1349
f 1372/1372 1351/1351 1349/1349
f 1372/1372 1358/1358 1357/1357
f 1337/1337 1311/1311 1310/1310
f 1368/1368 1202/1202 1201/1201
f 1223/1223 1219/1219 1221/1221
f 1373/1373 1374/1374 1375/1375
f 1375/1375 1374/1374 1376/1376
f 1377/1377 1378/1378 1379/1379
f 1378/1378 1377/1377 1380/1380
f 1246/1246 1216/1216 1247/1247
f 1381/1381 1382/1382 1322/1322
f 1382/1382 1381/1381 1383/1383
f 1322/1322 1321/1321 1381/1381
f 1384/1384 1385/1385 1386/1386
f 1385/1385 1384/1384 1387/1387
f 1388/1388 1389/1389 1390/1390
f 1389/1389 1391/1391 1390/1390
f 1392/1392 1393/1393 1394/1394
f 1393/1393 1392/1392 1395/1395
f 1396/1396 1397/1397 1398/1398
f 1399/1399 1397/1397 1396/1396
f 1284/1284 1283/1283 1400/1400
f 1284/1284 1281/1281 1282/1282
f 1400/1400 1283/1283 1401/1401
f 1402/1402 1403/1403 1404/1404
f 1403/1403 1402/1402 1405/1405
f 1403/1403 1406/1406 1407/1407
f 1404/1404 1408/1408 1402/1402
f 1404/1404 1407/1407 1409/1409
f 1404/1404 1409/1409 1410/1410
f 1405/1405 1411/1411 1403/1403
f 1412/1412 1413/1413 1414/1414
f 1412/1412 1414/1414 1415/1415
f 1412/1412 1416/1416 1417/1417
f 1412/1412 1418/1418 1419/1419
f 1413/1413 1419/1419 1420/1420
f 1414/1414 1421/1421 1422/1422
f 1414/1414 1422/1422 1415/1415
f 1415/1415 1423/1423 1424/1424
f 1425/1425 1426/1426 1427/1427
f 1426/1426 1428/1428 1429/1429
f 1426/1426 1425/1425 1428/1428
f 1430/1430 1431/1431 1432/1432
f 1431/1431 1430/1430 1433/1433
f 1431/1431 1419/1419 1434/1434
f 1431/1431 1420/1420 1419/1419
f 1431/1431 1434/1434 1435/1435
f 1432/1432 1431/1431 1435/1435
f 1436/1436 1437/1437 1438/1438
f 1437/1437 1439/1439 1438/1438
f 1437/1437 1440/1440 1441/1441
f 1437/1437 1436/1436 1442/1442
f 1442/1442 1436/1436 1443/1443
f 1442/1442 1444/1444 1437/1437
f 1421/1421 1445/1445 1422/1422
f 1422/1422 1446/1446 1423/1423
f 1420/1420 1431/1431 1433/1433
f 1419/1419 1413/1413 1412/1412
f 1418/1418 1434/1434 1419/1419
f 1418/1418 1412/1412 1417/1417
f 1447/1447 1448/1448 1411/1411
f 1448/1448 1449/1449 1450/1450
f 1448/1448 1447/1447 1451/1451
f 1411/1411 1405/1405 1447/1447
f 1411/1411 1452/1452 1453/1453
f 1451/1451 1449/1449 1448/1448
f 1454/1454 1455/1455 1456/1456
f 1455/1455 1454/1454 1457/1457
f 1457/1457 1458/1458 1455/1455
f 1449/1449 1451/1451 1459/1459
f 1460/1460 1461/1461 1462/1462
f 1460/1460 1463/1463 1461/1461
f 1460/1460 1464/1464 1465/1465
f 1463/1463 1466/1466 1467/1467
f 1462/1462 1464/1464 1460/1460
f 1408/1408 1468/1468 1469/1469
f 1408/1408 1404/1404 1470/1470
f 1408/1408 1470/1470 1468/1468
f 1470/1470 1410/1410 1471/1471
f 1470/1470 1472/1472 1468/1468
f 1469/1469 1473/1473 1474/1474
f 1475/1475 1476/1476 1477/1477
f 1475/1475 1478/1478 1479/1479
f 1475/1475 1480/1480 1481/1481
f 1476/1476 1475/1475 1482/1482
f 1482/1482 1475/1475 1481/1481
f 1482/1482 1483/1483 1476/1476
f 1479/1479 1484/1484 1485/1485
f 1479/1479 1480/1480 1475/1475
f 1479/1479 1486/1486 1487/1487
f 1480/1480 1479/1479 1485/1485
f 1488/1488 1489/1489 1490/1490
f 1489/1489 1491/1491 1492/1492
f 1489/1489 1492/1492 1493/1493
f 1492/1492 1494/1494 1495/1495
f 1492/1492 1495/1495 1493/1493
f 1493/1493 1495/1495 1496/1496
f 1483/1483 1482/1482 1445/1445
f 1445/1445 1421/1421 1483/1483
f 1445/1445 1497/1497 1446/1446
f 1498/1498 1474/1474 1473/1473
f 1498/1498 1499/1499 1500/1500
f 1499/1499 1498/1498 1501/1501
f 1499/1499 1501/1501 1495/1495
f 1499/1499 1495/1495 1494/1494
f 1501/1501 1496/1496 1495/1495
f 1501/1501 1502/1502 1503/1503
f 1502/1502 1501/1501 1498/1498
f 1502/1502 1473/1473 1504/1504
f 1473/1473 1469/1469 1468/1468
f 1473/1473 1505/1505 1504/1504
f 1473/1473 1502/1502 1498/1498
f 1506/1506 1507/1507 1508/1508
f 1507/1507 1506/1506 1509/1509
f 1508/1508 1510/1510 1506/1506
f 1509/1509 1511/1511 1507/1507
f 1478/1478 1475/1475 1477/1477
f 1406/1406 1403/1403 1411/1411
f 1406/1406 1411/1411 1453/1453
f 1407/1407 1404/1404 1403/1403
f 1410/1410 1470/1470 1404/1404
f 1486/1486 1512/1512 1487/1487
f 1486/1486 1479/1479 1478/1478
f 1512/1512 1486/1486 1513/1513
f 1487/1487 1514/1514 1484/1484
f 1487/1487 1512/1512 1514/1514
f 1513/1513 1515/1515 1512/1512
f 1515/1515 1514/1514 1512/1512
f 1515/1515 1513/1513 1516/1516
f 1494/1494 1492/1492 1491/1491
f 1516/1516 1517/1517 1515/1515
f 1491/1491 1489/1489 1488/1488
f 1518/1518 1519/1519 1520/1520
f 1518/1518 1521/1521 1522/1522
f 1521/1521 1518/1518 1523/1523
f 1523/1523 1524/1524 1521/1521
f 1523/1523 1525/1525 1526/1526
f 1523/1523 1527/1527 1528/1528
f 1474/1474 1498/1498 1500/1500
f 1452/1452 1411/1411 1448/1448
f 1452/1452 1448/1448 1450/1450
f 1529/1529 1530/1530 1531/1531
f 1530/1530 1529/1529 1532/1532
f 1532/1532 1533/1533 1530/1530
f 1472/1472 1470/1470 1471/1471
f 1534/1534 1535/1535 1536/1536
f 1536/1536 1537/1537 1538/1538
f 1536/1536 1538/1538 1534/1534
f 1539/1539 1540/1540 1541/1541
f 1540/1540 1542/1542 1543/1543
f 1540/1540 1543/1543 1541/1541
f 1484/1484 1479/1479 1487/1487
f 1510/1510 1508/1508 1544/1544
f 1544/1544 1545/1545 1510/1510
f 1546/1546 1547/1547 1548/1548
f 1546/1546 1549/1549 1547/1547
f 1547/1547 1550/1550 1548/1548
f 1547/1547 1551/1551 1552/1552
f 1547/1547 1553/1553 1550/1550
f 1550/1550 1554/1554 1555/1555
f 1550/1550 1556/1556 1548/1548
f 1527/1527 1523/1523 1526/1526
f 1528/1528 1465/1465 1524/1524
f 1524/1524 1523/1523 1528/1528
f 1557/1557 1441/1441 1440/1440
f 1441/1441 1558/1558 1559/1559
f 1441/1441 1439/1439 1437/1437
f 1441/1441 1557/1557 1558/1558
f 1440/1440 1437/1437 1444/1444
f 1558/1558 1560/1560 1559/1559
f 1558/1558 1561/1561 1562/1562
f 1563/1563 1519/1519 1564/1564
f 1519/1519 1565/1565 1520/1520
f 1519/1519 1566/1566 1565/1565
f 1519/1519 1563/1563 1566/1566
f 1564/1564 1519/1519 1518/1518
f 1564/1564 1518/1518 1522/1522
f 1465/1465 1528/1528 1466/1466
f 1465/1465 1466/1466 1460/1460
f 1466/1466 1463/1463 1460/1460
f 1466/1466 1567/1567 1467/1467
f 1568/1568 1569/1569 1570/1570
f 1568/1568 1571/1571 1572/1572
f 1573/1573 1574/1574 1575/1575
f 1573/1573 1572/1572 1571/1571
f 1525/1525 1523/1523 1518/1518
f 1525/1525 1518/1518 1520/1520
f 1576/1576 1577/1577 1578/1578
f 1576/1576 1444/1444 1442/1442
f 1577/1577 1576/1576 1442/1442
f 1577/1577 1442/1442 1443/1443
f 1560/1560 1558/1558 1579/1579
f 1579/1579 1562/1562 1580/1580
f 1581/1581 1582/1582 1583/1583
f 1582/1582 1584/1584 1583/1583
f 1582/1582 1585/1585 1462/1462
f 1582/1582 1581/1581 1586/1586
f 1582/1582 1587/1587 1588/1588
f 1586/1586 1589/1589 1590/1590
f 1586/1586 1591/1591 1587/1587
f 1585/1585 1582/1582 1588/1588
f 1561/1561 1592/1592 1562/1562
f 1561/1561 1558/1558 1557/1557
f 1592/1592 1561/1561 1593/1593
f 1562/1562 1594/1594 1580/1580
f 1562/1562 1579/1579 1558/1558
f 1593/1593 1549/1549 1592/1592
f 1464/1464 1462/1462 1585/1585
f 1595/1595 1596/1596 1597/1597
f 1595/1595 1598/1598 1599/1599
f 1596/1596 1556/1556 1555/1555
f 1597/1597 1554/1554 1598/1598
f 1553/1553 1547/1547 1552/1552
f 1587/1587 1582/1582 1586/1586
f 1556/1556 1550/1550 1555/1555
f 1555/1555 1597/1597 1596/1596
f 1549/1549 1593/1593 1551/1551
f 1549/1549 1600/1600 1592/1592
f 1549/1549 1546/1546 1601/1601
f 1591/1591 1586/1586 1590/1590
f 1591/1591 1602/1602 1603/1603
f 1602/1602 1591/1591 1590/1590
f 1602/1602 1590/1590 1604/1604
f 1603/1603 1605/1605 1606/1606
f 1605/1605 1602/1602 1604/1604
f 1605/1605 1603/1603 1602/1602
f 1554/1554 1550/1550 1553/1553
f 1554/1554 1597/1597 1555/1555
f 1607/1607 1608/1608 1609/1609
f 1607/1607 1610/1610 1608/1608
f 1609/1609 1574/1574 1607/1607
f 1598/1598 1595/1595 1597/1597
f 1611/1611 1612/1612 1545/1545
f 1611/1611 1613/1613 1612/1612
f 1545/1545 1544/1544 1611/1611
f 1551/1551 1547/1547 1549/1549
f 1600/1600 1549/1549 1601/1601
f 1567/1567 1466/1466 1528/1528
f 1584/1584 1582/1582 1462/1462
f 1589/1589 1604/1604 1590/1590
f 1589/1589 1586/1586 1581/1581
f 1614/1614 1426/1426 1429/1429
f 1429/1429 1615/1615 1614/1614
f 1574/1574 1573/1573 1571/1571
f 1574/1574 1609/1609 1575/1575
f 1616/1616 1617/1617 1615/1615
f 1617/1617 1618/1618 1619/1619
f 1617/1617 1616/1616 1620/1620
f 1615/1615 1429/1429 1616/1616
f 1533/1533 1532/1532 1511/1511
f 1511/1511 1509/1509 1533/1533
f 1416/1416 1412/1412 1415/1415
f 1423/1423 1415/1415 1422/1422
f 1621/1621 1622/1622 1623/1623
f 1622/1622 1624/1624 1625/1625
f 1623/1623 1626/1626 1621/1621
f 1625/1625 1623/1623 1622/1622
f 1439/1439 1441/1441 1559/1559
f 1624/1624 1543/1543 1542/1542
f 1542/1542 1625/1625 1624/1624
f 1497/1497 1445/1445 1482/1482
f 1446/1446 1422/1422 1445/1445
f 1458/1458 1457/1457 1627/1627
f 1627/1627 1628/1628 1458/1458
f 1629/1629 1630/1630 1626/1626
f 1630/1630 1629/1629 1631/1631
f 1630/1630 1621/1621 1626/1626
f 1618/1618 1608/1608 1619/1619
f 1618/1618 1617/1617 1620/1620
f 1619/1619 1608/1608 1610/1610
f 1594/1594 1562/1562 1592/1592
f 1628/1628 1627/1627 1632/1632
f 1496/1496 1501/1501 1503/1503
f 1633/1633 1634/1634 1635/1635
f 1634/1634 1633/1633 1636/1636
f 1637/1637 1638/1638 1639/1639
f 1638/1638 1637/1637 1640/1640
f 1505/1505 1473/1473 1468/1468
f 1641/1641 1456/1456 1642/1642
f 1641/1641 1454/1454 1456/1456
f 1643/1643 1570/1570 1569/1569
f 1570/1570 1643/1643 1644/1644
f 1569/1569 1568/1568 1572/1572
f 1645/1645 1646/1646 1647/1647
f 1646/1646 1645/1645 1648/1648
f 1649/1649 1650/1650 1651/1651
f 1651/1651 1652/1652 1649/1649
f 1653/1653 1654/1654 1655/1655
f 1654/1654 1653/1653 1656/1656
f 1657/1657 1658/1658 1659/1659
f 1659/1659 1660/1660 1657/1657
f 1537/1537 1661/1661 1662/1662
f 1661/1661 1663/1663 1662/1662
f 1662/1662 1538/1538 1537/1537
f 1664/1664 1665/1665 1666/1666
f 1664/1664 1667/1667 1668/1668
f 1665/1665 1669/1669 1670/1670
f 1665/1665 1671/1671 1669/1669
f 1665/1665 1664/1664 1668/1668
f 1666/1666 1665/1665 1672/1672
f 1668/1668 1673/1673 1674/1674
f 1675/1675 1676/1676 1677/1677
f 1675/1675 1678/1678 1679/1679
f 1675/1675 1677/1677 1678/1678
f 1676/1676 1675/1675 1680/1680
f 1677/1677 1681/1681 1678/1678
f 1680/1680 1682/1682 1683/1683
f 1680/1680 1684/1684 1676/1676
f 1680/1680 1685/1685 1684/1684
f 1680/1680 1686/1686 1685/1685
f 1687/1687 1688/1688 1689/1689
f 1688/1688 1690/1690 1689/1689
f 1689/1689 1691/1691 1687/1687
f 1692/1692 1693/1693 1694/1694
f 1693/1693 1692/1692 1695/1695
f 1694/1694 1696/1696 1692/1692
f 1694/1694 1684/1684 1685/1685
f 1697/1697 1698/1698 1699/1699
f 1697/1697 1700/1700 1701/1701
f 1698/1698 1697/1697 1701/1701
f 1698/1698 1702/1702 1699/1699
f 1698/1698 1701/1701 1703/1703
f 1696/1696 1694/1694 1704/1704
f 1704/1704 1685/1685 1686/1686
f 1678/1678 1705/1705 1679/1679
f 1678/1678 1681/1681 1706/1706
f 1684/1684 1694/1694 1693/1693
f 1685/1685 1704/1704 1694/1694
f 1686/1686 1680/1680 1683/1683
f 1667/1667 1707/1707 1708/1708
f 1667/1667 1673/1673 1668/1668
f 1707/1707 1709/1709 1708/1708
f 1708/1708 1710/1710 1711/1711
f 1708/1708 1673/1673 1667/1667
f 1673/1673 1711/1711 1712/1712
f 1673/1673 1712/1712 1713/1713
f 1714/1714 1715/1715 1716/1716
f 1714/1714 1717/1717 1718/1718
f 1717/1717 1714/1714 1719/1719
f 1717/1717 1720/1720 1718/1718
f 1709/1709 1707/1707 1721/1721
f 1722/1722 1723/1723 1724/1724
f 1723/1723 1725/1725 1726/1726
f 1723/1723 1722/1722 1727/1727
f 1724/1724 1728/1728 1729/1729
f 1727/1727 1725/1725 1723/1723
f 1727/1727 1730/1730 1731/1731
f 1732/1732 1733/1733 1734/1734
f 1733/1733 1732/1732 1672/1672
f 1734/1734 1735/1735 1736/1736
f 1672/1672 1732/1732 1666/1666
f 1672/1672 1737/1737 1733/1733
f 1738/1738 1739/1739 1740/1740
f 1738/1738 1741/1741 1739/1739
f 1738/1738 1742/1742 1743/1743
f 1738/1738 1744/1744 1745/1745
f 1744/1744 1738/1738 1746/1746
f 1746/1746 1747/1747 1706/1706
f 1746/1746 1748/1748 1744/1744
f 1741/1741 1738/1738 1743/1743
f 1743/1743 1749/1749 1741/1741
f 1743/1743 1750/1750 1751/1751
f 1752/1752 1753/1753 1754/1754
f 1753/1753 1755/1755 1756/1756
f 1753/1753 1757/1757 1755/1755
f 1755/1755 1758/1758 1756/1756
f 1755/1755 1759/1759 1758/1758
f 1748/1748 1746/1746 1706/1706
f 1706/1706 1681/1681 1748/1748
f 1706/1706 1747/1747 1705/1705
f 1760/1760 1761/1761 1762/1762
f 1761/1761 1736/1736 1735/1735
f 1761/1761 1760/1760 1763/1763
f 1762/1762 1764/1764 1758/1758
f 1762/1762 1765/1765 1766/1766
f 1762/1762 1759/1759 1760/1760
f 1735/1735 1734/1734 1733/1733
f 1735/1735 1767/1767 1768/1768
f 1735/1735 1765/1765 1761/1761
f 1765/1765 1762/1762 1761/1761
f 1765/1765 1735/1735 1768/1768
f 1769/1769 1770/1770 1771/1771
f 1770/1770 1772/1772 1773/1773
f 1771/1771 1770/1770 1773/1773
f 1773/1773 1772/1772 1774/1774
f 1742/1742 1738/1738 1745/1745
f 1713/1713 1674/1674 1673/1673
f 1674/1674 1665/1665 1668/1668
f 1670/1670 1672/1672 1665/1665
f 1775/1775 1750/1750 1776/1776
f 1750/1750 1775/1775 1751/1751
f 1750/1750 1743/1743 1742/1742
f 1776/1776 1777/1777 1775/1775
f 1751/1751 1778/1778 1749/1749
f 1777/1777 1776/1776 1779/1779
f 1777/1777 1778/1778 1775/1775
f 1778/1778 1751/1751 1775/1775
f 1759/1759 1762/1762 1758/1758
f 1759/1759 1755/1755 1757/1757
f 1758/1758 1764/1764 1756/1756
f 1779/1779 1780/1780 1777/1777
f 1757/1757 1753/1753 1752/1752
f 1781/1781 1782/1782 1783/1783
f 1781/1781 1784/1784 1785/1785
f 1781/1781 1786/1786 1787/1787
f 1784/1784 1788/1788 1785/1785
f 1784/1784 1781/1781 1789/1789
f 1789/1789 1783/1783 1790/1790
f 1736/1736 1761/1761 1763/1763
f 1710/1710 1708/1708 1709/1709
f 1711/1711 1673/1673 1708/1708
f 1791/1791 1792/1792 1793/1793
f 1792/1792 1791/1791 1794/1794
f 1793/1793 1795/1795 1791/1791
f 1737/1737 1672/1672 1670/1670
f 1796/1796 1797/1797 1798/1798
f 1797/1797 1799/1799 1800/1800
f 1797/1797 1800/1800 1798/1798
f 1801/1801 1802/1802 1803/1803
f 1801/1801 1803/1803 1804/1804
f 1749/1749 1743/1743 1751/1751
f 1772/1772 1805/1805 1774/1774
f 1806/1806 1807/1807 1808/1808
f 1807/1807 1809/1809 1808/1808
f 1807/1807 1806/1806 1810/1810
f 1807/1807 1811/1811 1812/1812
f 1808/1808 1813/1813 1806/1806
f 1808/1808 1814/1814 1815/1815
f 1810/1810 1816/1816 1807/1807
f 1782/1782 1781/1781 1787/1787
f 1783/1783 1789/1789 1781/1781
f 1790/1790 1728/1728 1726/1726
f 1817/1817 1818/1818 1819/1819
f 1818/1818 1820/1820 1821/1821
f 1818/1818 1822/1822 1820/1820
f 1818/1818 1817/1817 1823/1823
f 1819/1819 1702/1702 1698/1698
f 1819/1819 1821/1821 1824/1824
f 1819/1819 1703/1703 1817/1817
f 1823/1823 1825/1825 1818/1818
f 1826/1826 1788/1788 1827/1827
f 1788/1788 1784/1784 1827/1827
f 1788/1788 1826/1826 1828/1828
f 1827/1827 1829/1829 1826/1826
f 1728/1728 1723/1723 1726/1726
f 1728/1728 1830/1830 1729/1729
f 1728/1728 1790/1790 1783/1783
f 1728/1728 1724/1724 1723/1723
f 1828/1828 1831/1831 1788/1788
f 1831/1831 1785/1785 1788/1788
f 1831/1831 1786/1786 1785/1785
f 1832/1832 1833/1833 1834/1834
f 1832/1832 1835/1835 1833/1833
f 1835/1835 1836/1836 1837/1837
f 1833/1833 1835/1835 1837/1837
f 1786/1786 1781/1781 1785/1785
f 1703/1703 1701/1701 1838/1838
f 1703/1703 1819/1819 1698/1698
f 1838/1838 1839/1839 1840/1840
f 1839/1839 1838/1838 1701/1701
f 1839/1839 1701/1701 1700/1700
f 1821/1821 1819/1819 1818/1818
f 1841/1841 1731/1731 1730/1730
f 1731/1731 1842/1842 1727/1727
f 1731/1731 1841/1841 1843/1843
f 1731/1731 1844/1844 1845/1845
f 1730/1730 1727/1727 1846/1846
f 1843/1843 1847/1847 1844/1844
f 1843/1843 1848/1848 1849/1849
f 1842/1842 1731/1731 1845/1845
f 1850/1850 1851/1851 1852/1852
f 1851/1851 1816/1816 1852/1852
f 1852/1852 1825/1825 1850/1850
f 1825/1825 1823/1823 1850/1850
f 1825/1825 1853/1853 1822/1822
f 1725/1725 1727/1727 1842/1842
f 1854/1854 1855/1855 1856/1856
f 1854/1854 1857/1857 1858/1858
f 1858/1858 1814/1814 1855/1855
f 1809/1809 1807/1807 1812/1812
f 1844/1844 1731/1731 1843/1843
f 1813/1813 1808/1808 1815/1815
f 1815/1815 1858/1858 1857/1857
f 1815/1815 1857/1857 1813/1813
f 1816/1816 1851/1851 1811/1811
f 1816/1816 1810/1810 1859/1859
f 1816/1816 1860/1860 1852/1852
f 1847/1847 1843/1843 1849/1849
f 1847/1847 1861/1861 1862/1862
f 1861/1861 1849/1849 1863/1863
f 1861/1861 1847/1847 1849/1849
f 1862/1862 1864/1864 1865/1865
f 1822/1822 1818/1818 1825/1825
f 1864/1864 1862/1862 1861/1861
f 1864/1864 1861/1861 1863/1863
f 1863/1863 1849/1849 1848/1848
f 1814/1814 1808/1808 1809/1809
f 1814/1814 1858/1858 1815/1815
f 1866/1866 1836/1836 1867/1867
f 1866/1866 1867/1867 1868/1868
f 1868/1868 1867/1867 1869/1869
f 1869/1869 1870/1870 1868/1868
f 1855/1855 1854/1854 1858/1858
f 1871/1871 1872/1872 1873/1873
f 1871/1871 1774/1774 1805/1805
f 1872/1872 1871/1871 1805/1805
f 1811/1811 1807/1807 1816/1816
f 1860/1860 1816/1816 1859/1859
f 1830/1830 1728/1728 1783/1783
f 1848/1848 1843/1843 1841/1841
f 1691/1691 1689/1689 1874/1874
f 1874/1874 1875/1875 1691/1691
f 1671/1671 1665/1665 1674/1674
f 1836/1836 1866/1866 1876/1876
f 1836/1836 1876/1876 1837/1837
f 1877/1877 1878/1878 1879/1879
f 1877/1877 1879/1879 1880/1880
f 1878/1878 1877/1877 1875/1875
f 1875/1875 1874/1874 1878/1878
f 1795/1795 1769/1769 1771/1771
f 1795/1795 1793/1793 1881/1881
f 1881/1881 1769/1769 1795/1795
f 1682/1682 1680/1680 1675/1675
f 1882/1882 1675/1675 1679/1679
f 1883/1883 1884/1884 1885/1885
f 1884/1884 1886/1886 1887/1887
f 1885/1885 1884/1884 1887/1887
f 1887/1887 1886/1886 1888/1888
f 1702/1702 1819/1819 1824/1824
f 1886/1886 1802/1802 1888/1888
f 1888/1888 1802/1802 1801/1801
f 1705/1705 1678/1678 1706/1706
f 1720/1720 1717/1717 1889/1889
f 1889/1889 1890/1890 1720/1720
f 1891/1891 1892/1892 1893/1893
f 1892/1892 1891/1891 1894/1894
f 1892/1892 1883/1883 1893/1893
f 1893/1893 1883/1883 1885/1885
f 1870/1870 1880/1880 1868/1868
f 1870/1870 1877/1877 1880/1880
f 1853/1853 1825/1825 1852/1852
f 1890/1890 1889/1889 1895/1895
f 1740/1740 1746/1746 1738/1738
f 1764/1764 1762/1762 1766/1766
f 1896/1896 1897/1897 1898/1898
f 1898/1898 1899/1899 1896/1896
f 1900/1900 1901/1901 1902/1902
f 1901/1901 1900/1900 1903/1903
f 1767/1767 1735/1735 1733/1733
f 1716/1716 1719/1719 1714/1714
f 1904/1904 1834/1834 1905/1905
f 1834/1834 1906/1906 1832/1832
f 1834/1834 1904/1904 1906/1906
f 1907/1907 1908/1908 1909/1909
f 1908/1908 1907/1907 1910/1910
f 1911/1911 1912/1912 1913/1913
f 1913/1913 1914/1914 1911/1911
f 1915/1915 1916/1916 1917/1917
f 1916/1916 1915/1915 1918/1918
f 1919/1919 1920/1920 1921/1921
f 1921/1921 1922/1922 1919/1919
f 1799/1799 1923/1923 1924/1924
f 1923/1923 1925/1925 1924/1924
f 1924/1924 1800/1800 1799/1799
f 1926/1926 1927/1927 1928/1928
f 1926/1926 1929/1929 1930/1930
f 1926/1926 1931/1931 1932/1932
f 1927/1927 1933/1933 1934/1934
f 1927/1927 1926/1926 1933/1933
f 1933/1933 1935/1935 1936/1936
f 1933/1933 1932/1932 1937/1937
f 1938/1938 1939/1939 1940/1940
f 1938/1938 1941/1941 1942/1942
f 1939/1939 1938/1938 1942/1942
f 1940/1940 1943/1943 1938/1938
f 1944/1944 1945/1945 1946/1946
f 1944/1944 1947/1947 1948/1948
f 1946/1946 1949/1949 1944/1944
f 1950/1950 1951/1951 1952/1952
f 1950/1950 1953/1953 1954/1954
f 1950/1950 1955/1955 1953/1953
f 1955/1955 1950/1950 1952/1952
f 1952/1952 1951/1951 1956/1956
f 1957/1957 1958/1958 1959/1959
f 1957/1957 1960/1960 1961/1961
f 1957/1957 1962/1962 1960/1960
f 1962/1962 1957/1957 1959/1959
f 1959/1959 1963/1963 1962/1962
f 1959/1959 1964/1964 1963/1963
f 1959/1959 1965/1965 1964/1964
f 1954/1954 1966/1966 1950/1950
f 1966/1966 1951/1951 1950/1950
f 1941/1941 1938/1938 1967/1967
f 1967/1967 1968/1968 1969/1969
f 1967/1967 1970/1970 1971/1971
f 1967/1967 1971/1971 1941/1941
f 1951/1951 1966/1966 1972/1972
f 1951/1951 1973/1973 1940/1940
f 1951/1951 1940/1940 1956/1956
f 1956/1956 1940/1940 1939/1939
f 1972/1972 1973/1973 1951/1951
f 1936/1936 1974/1974 1934/1934
f 1936/1936 1975/1975 1976/1976
f 1974/1974 1936/1936 1976/1976
f 1934/1934 1933/1933 1936/1936
f 1977/1977 1978/1978 1979/1979
f 1978/1978 1977/1977 1980/1980
f 1978/1978 1981/1981 1979/1979
f 1980/1980 1982/1982 1983/1983
f 1984/1984 1976/1976 1985/1985
f 1984/1984 1974/1974 1976/1976
f 1985/1985 1976/1976 1986/1986
f 1987/1987 1988/1988 1989/1989
f 1987/1987 1990/1990 1991/1991
f 1987/1987 1992/1992 1993/1993
f 1991/1991 1990/1990 1994/1994
f 1994/1994 1995/1995 1991/1991
f 1996/1996 1930/1930 1929/1929
f 1930/1930 1997/1997 1998/1998
f 1930/1930 1996/1996 1997/1997
f 1930/1930 1931/1931 1926/1926
f 1929/1929 1926/1926 1928/1928
f 1997/1997 1999/1999 1998/1998
f 1997/1997 2000/2000 2001/2001
f 2002/2002 2003/2003 2004/2004
f 2002/2002 2005/2005 2003/2003
f 2002/2002 2006/2006 2007/2007
f 2005/2005 2002/2002 2007/2007
f 2003/2003 2008/2008 1971/1971
f 2009/2009 2002/2002 2004/2004
f 2009/2009 2010/2010 2002/2002
f 2010/2010 2009/2009 2011/2011
f 2011/2011 2012/2012 2010/2010
f 2013/2013 2014/2014 2015/2015
f 2015/2015 2016/2016 2013/2013
f 2015/2015 2017/2017 2018/2018
f 2018/2018 2019/2019 2016/2016
f 2008/2008 2003/2003 2005/2005
f 1971/1971 2008/2008 1941/1941
f 1971/1971 2020/2020 2003/2003
f 2021/2021 2022/2022 2023/2023
f 2021/2021 2024/2024 2025/2025
f 2021/2021 2019/2019 2024/2024
f 2022/2022 2026/2026 2027/2027
f 2022/2022 2021/2021 2025/2025
f 2023/2023 2022/2022 2001/2001
f 2025/2025 2028/2028 2029/2029
f 2025/2025 2026/2026 2022/2022
f 2001/2001 2022/2022 2027/2027
f 2001/2001 2030/2030 1997/1997
f 2001/2001 2000/2000 2023/2023
f 2026/2026 2025/2025 2029/2029
f 2031/2031 2032/2032 2033/2033
f 2032/2032 2031/2031 2034/2034
f 2033/2033 2035/2035 2036/2036
f 2034/2034 2037/2037 2038/2038
f 2006/2006 2002/2002 2010/2010
f 2039/2039 1936/1936 1935/1935
f 1935/1935 1933/1933 1937/1937
f 1931/1931 1930/1930 1998/1998
f 2040/2040 2012/2012 2041/2041
f 2040/2040 2042/2042 2012/2012
f 2042/2042 2040/2040 2043/2043
f 2042/2042 2006/2006 2012/2012
f 2012/2012 2011/2011 2044/2044
f 2012/2012 2006/2006 2010/2010
f 2043/2043 2045/2045 2046/2046
f 2045/2045 2040/2040 2041/2041
f 2045/2045 2043/2043 2040/2040
f 2019/2019 2018/2018 2024/2024
f 2024/2024 2018/2018 2017/2017
f 2024/2024 2017/2017 2028/2028
f 2046/2046 2045/2045 2047/2047
f 2016/2016 2015/2015 2018/2018
f 2048/2048 2049/2049 2050/2050
f 2048/2048 2051/2051 2052/2052
f 2048/2048 2053/2053 2051/2051
f 2048/2048 2054/2054 2055/2055
f 2053/2053 2056/2056 2051/2051
f 2051/2051 2057/2057 2052/2052
f 2056/2056 2058/2058 2051/2051
f 2000/2000 1997/1997 1996/1996
f 1986/1986 1976/1976 1975/1975
f 1975/1975 1936/1936 2039/2039
f 2059/2059 2060/2060 2061/2061
f 2060/2060 2059/2059 2062/2062
f 2061/2061 2035/2035 2059/2059
f 2063/2063 2064/2064 2065/2065
f 2063/2063 2066/2066 2064/2064
f 2063/2063 2067/2067 2066/2066
f 2064/2064 2068/2068 2065/2065
f 2069/2069 2070/2070 2071/2071
f 2069/2069 2071/2071 2072/2072
f 2070/2070 2073/2073 2071/2071
f 2044/2044 2041/2041 2012/2012
f 2037/2037 2034/2034 2031/2031
f 2038/2038 2074/2074 2075/2075
f 2076/2076 2077/2077 2078/2078
f 2077/2077 2079/2079 2080/2080
f 2077/2077 2081/2081 2082/2082
f 2077/2077 2076/2076 2083/2083
f 2078/2078 2084/2084 2076/2076
f 2078/2078 2080/2080 2085/2085
f 2057/2057 2051/2051 2058/2058
f 2052/2052 2054/2054 2048/2048
f 2058/2058 2056/2056 2086/2086
f 2086/2086 1995/1995 2058/2058
f 2087/2087 2088/2088 2089/2089
f 2087/2087 1957/1957 2090/2090
f 2088/2088 2087/2087 2091/2091
f 2089/2089 2092/2092 2087/2087
f 2091/2091 2093/2093 2094/2094
f 2091/2091 2087/2087 2090/2090
f 2091/2091 2095/2095 2088/2088
f 2096/2096 2049/2049 2097/2097
f 2049/2049 2096/2096 2050/2050
f 2049/2049 2048/2048 2055/2055
f 2097/2097 2049/2049 2098/2098
f 2050/2050 2053/2053 2048/2048
f 1995/1995 2086/2086 2099/2099
f 1995/1995 1994/1994 2100/2100
f 1995/1995 2101/2101 2058/2058
f 2099/2099 1988/1988 1991/1991
f 2099/2099 1991/1991 1995/1995
f 2098/2098 2049/2049 2055/2055
f 2102/2102 2103/2103 2104/2104
f 2102/2102 2105/2105 2103/2103
f 2102/2102 2106/2106 2107/2107
f 2106/2106 2102/2102 2104/2104
f 2106/2106 2108/2108 2109/2109
f 1958/1958 1957/1957 2092/2092
f 1958/1958 1965/1965 1959/1959
f 2092/2092 1957/1957 2087/2087
f 2093/2093 2091/2091 2090/2090
f 2094/2094 2110/2110 2091/2091
f 2111/2111 2112/2112 1992/1992
f 2111/2111 2113/2113 2114/2114
f 2112/2112 2111/2111 2114/2114
f 1992/1992 2112/2112 1993/1993
f 1992/1992 1989/1989 2115/2115
f 1992/1992 2116/2116 2111/2111
f 1989/1989 1992/1992 1987/1987
f 2110/2110 2094/2094 2117/2117
f 2110/2110 2118/2118 2119/2119
f 2110/2110 2120/2120 2095/2095
f 2120/2120 2119/2119 2121/2121
f 2120/2120 2110/2110 2119/2119
f 2095/2095 2091/2091 2110/2110
f 2119/2119 2122/2122 2121/2121
f 1988/1988 1987/1987 1991/1991
f 2123/2123 2124/2124 2125/2125
f 2123/2123 2126/2126 2124/2124
f 2124/2124 2082/2082 2125/2125
f 2124/2124 2079/2079 2082/2082
f 2080/2080 2078/2078 2077/2077
f 2085/2085 2122/2122 2078/2078
f 2116/2116 1992/1992 2115/2115
f 2081/2081 2077/2077 2083/2083
f 2081/2081 2125/2125 2082/2082
f 2084/2084 2078/2078 2122/2122
f 2122/2122 2127/2127 2084/2084
f 2122/2122 2085/2085 2121/2121
f 2128/2128 2129/2129 2130/2130
f 2129/2129 2128/2128 2131/2131
f 2130/2130 2129/2129 2132/2132
f 2130/2130 2116/2116 2128/2128
f 2130/2130 2111/2111 2116/2116
f 2131/2131 2133/2133 2129/2129
f 2133/2133 2131/2131 2134/2134
f 2133/2133 2132/2132 2129/2129
f 2132/2132 2113/2113 2130/2130
f 2079/2079 2124/2124 2126/2126
f 2079/2079 2077/2077 2082/2082
f 2135/2135 2136/2136 2137/2137
f 2136/2136 2138/2138 2137/2137
f 2137/2137 2139/2139 2140/2140
f 2138/2138 2109/2109 2108/2108
f 2126/2126 2123/2123 2141/2141
f 2142/2142 2075/2075 2143/2143
f 2143/2143 2075/2075 2074/2074
f 2074/2074 2038/2038 2037/2037
f 2127/2127 2122/2122 2119/2119
f 2101/2101 1995/1995 2100/2100
f 2113/2113 2111/2111 2130/2130
f 1947/1947 1944/1944 1949/1949
f 1932/1932 1933/1933 1926/1926
f 2109/2109 2107/2107 2106/2106
f 2109/2109 2138/2138 2136/2136
f 2144/2144 2145/2145 2146/2146
f 2145/2145 1947/1947 2146/2146
f 2145/2145 1948/1948 1947/1947
f 2146/2146 2147/2147 2144/2144
f 2035/2035 2033/2033 2032/2032
f 2035/2035 2061/2061 2036/2036
f 1943/1943 1940/1940 1973/1973
f 1968/1968 1967/1967 1938/1938
f 2148/2148 2149/2149 2150/2150
f 2149/2149 2148/2148 2151/2151
f 2150/2150 2152/2152 2148/2148
f 2151/2151 2153/2153 2149/2149
f 1961/1961 2090/2090 1957/1957
f 2153/2153 2151/2151 2073/2073
f 2073/2073 2070/2070 2153/2153
f 2020/2020 1971/1971 1970/1970
f 1970/1970 1967/1967 1969/1969
f 1982/1982 1980/1980 1977/1977
f 1983/1983 2154/2154 2155/2155
f 2156/2156 2157/2157 2152/2152
f 2157/2157 2158/2158 2152/2152
f 2152/2152 2150/2150 2156/2156
f 2139/2139 2147/2147 2140/2140
f 2139/2139 2144/2144 2147/2147
f 2140/2140 2135/2135 2137/2137
f 2118/2118 2110/2110 2117/2117
f 2154/2154 1983/1983 1982/1982
f 2028/2028 2025/2025 2024/2024
f 2159/2159 2160/2160 2161/2161
f 2162/2162 2161/2161 2160/2160
f 2163/2163 2164/2164 2165/2165
f 2164/2164 2163/2163 2166/2166
f 2030/2030 2001/2001 2027/2027
f 2167/2167 1979/1979 1981/1981
f 2105/2105 2168/2168 2103/2103
f 2168/2168 2105/2105 2169/2169
f 2170/2170 2171/2171 2172/2172
f 2171/2171 2170/2170 2173/2173
f 2174/2174 2175/2175 2176/2176
f 2177/2177 2175/2175 2174/2174
f 2178/2178 2179/2179 2180/2180
f 2179/2179 2178/2178 2181/2181
f 2182/2182 2183/2183 2184/2184
f 2185/2185 2183/2183 2182/2182
f 2067/2067 2186/2186 2066/2066
f 2067/2067 2187/2187 2186/2186
f 2188/2188 2189/2189 2190/2190
f 2189/2189 2188/2188 2191/2191
f 2189/2189 2192/2192 2193/2193
f 2190/2190 2194/2194 2195/2195
f 2190/2190 2196/2196 2197/2197
f 2190/2190 2197/2197 2198/2198
f 2199/2199 2200/2200 2201/2201
f 2199/2199 2202/2202 2203/2203
f 2202/2202 2204/2204 2203/2203
f 2202/2202 2199/2199 2201/2201
f 2201/2201 2205/2205 2202/2202
f 2201/2201 2206/2206 2207/2207
f 2208/2208 2209/2209 2210/2210
f 2208/2208 2211/2211 2212/2212
f 2209/2209 2208/2208 2213/2213
f 2214/2214 2215/2215 2216/2216
f 2214/2214 2216/2216 2217/2217
f 2214/2214 2217/2217 2218/2218
f 2215/2215 2214/2214 2219/2219
f 2220/2220 2221/2221 2222/2222
f 2221/2221 2223/2223 2222/2222
f 2221/2221 2224/2224 2225/2225
f 2221/2221 2220/2220 2226/2226
f 2222/2222 2227/2227 2228/2228
f 2218/2218 2229/2229 2206/2206
f 2204/2204 2202/2202 2230/2230
f 2204/2204 2231/2231 2232/2232
f 2230/2230 2233/2233 2234/2234
f 2230/2230 2235/2235 2231/2231
f 2200/2200 2206/2206 2201/2201
f 2200/2200 2219/2219 2206/2206
f 2206/2206 2219/2219 2214/2214
f 2206/2206 2214/2214 2218/2218
f 2206/2206 2229/2229 2207/2207
f 2236/2236 2194/2194 2237/2237
f 2194/2194 2190/2190 2198/2198
f 2194/2194 2236/2236 2195/2195
f 2194/2194 2198/2198 2238/2238
f 2194/2194 2239/2239 2237/2237
f 2237/2237 2240/2240 2236/2236
f 2195/2195 2188/2188 2190/2190
f 2241/2241 2242/2242 2243/2243
f 2242/2242 2241/2241 2244/2244
f 2243/2243 2245/2245 2246/2246
f 2244/2244 2247/2247 2248/2248
f 2240/2240 2237/2237 2249/2249
f 2249/2249 2237/2237 2250/2250
f 2251/2251 2252/2252 2253/2253
f 2251/2251 2254/2254 2252/2252
f 2251/2251 2255/2255 2256/2256
f 2251/2251 2257/2257 2255/2255
f 2257/2257 2253/2253 2258/2258
f 2256/2256 2254/2254 2251/2251
f 2193/2193 2259/2259 2260/2260
f 2193/2193 2261/2261 2262/2262
f 2193/2193 2196/2196 2189/2189
f 2261/2261 2263/2263 2262/2262
f 2261/2261 2193/2193 2192/2192
f 2192/2192 2189/2189 2191/2191
f 2264/2264 2265/2265 2266/2266
f 2265/2265 2264/2264 2267/2267
f 2265/2265 2268/2268 2269/2269
f 2265/2265 2270/2270 2266/2266
f 2267/2267 2232/2232 2231/2231
f 2269/2269 2271/2271 2265/2265
f 2271/2271 2272/2272 2270/2270
f 2271/2271 2269/2269 2273/2273
f 2274/2274 2275/2275 2276/2276
f 2276/2276 2277/2277 2278/2278
f 2276/2276 2279/2279 2274/2274
f 2278/2278 2280/2280 2279/2279
f 2232/2232 2267/2267 2264/2264
f 2231/2231 2235/2235 2281/2281
f 2231/2231 2204/2204 2230/2230
f 2282/2282 2283/2283 2284/2284
f 2282/2282 2285/2285 2263/2263
f 2283/2283 2282/2282 2286/2286
f 2284/2284 2287/2287 2282/2282
f 2284/2284 2280/2280 2288/2288
f 2286/2286 2263/2263 2289/2289
f 2285/2285 2282/2282 2287/2287
f 2287/2287 2284/2284 2290/2290
f 2263/2263 2261/2261 2289/2289
f 2263/2263 2291/2291 2262/2262
f 2263/2263 2286/2286 2282/2282
f 2292/2292 2293/2293 2294/2294
f 2293/2293 2292/2292 2295/2295
f 2294/2294 2296/2296 2297/2297
f 2295/2295 2298/2298 2299/2299
f 2270/2270 2265/2265 2271/2271
f 2300/2300 2194/2194 2238/2238
f 2196/2196 2190/2190 2189/2189
f 2196/2196 2193/2193 2260/2260
f 2272/2272 2301/2301 2302/2302
f 2272/2272 2271/2271 2303/2303
f 2301/2301 2272/2272 2303/2303
f 2301/2301 2303/2303 2304/2304
f 2302/2302 2305/2305 2306/2306
f 2303/2303 2273/2273 2307/2307
f 2303/2303 2271/2271 2273/2273
f 2305/2305 2302/2302 2301/2301
f 2305/2305 2301/2301 2304/2304
f 2280/2280 2278/2278 2288/2288
f 2280/2280 2284/2284 2283/2283
f 2288/2288 2290/2290 2284/2284
f 2288/2288 2278/2278 2277/2277
f 2288/2288 2277/2277 2308/2308
f 2306/2306 2305/2305 2309/2309
f 2279/2279 2276/2276 2278/2278
f 2310/2310 2311/2311 2312/2312
f 2310/2310 2313/2313 2314/2314
f 2313/2313 2310/2310 2315/2315
f 2314/2314 2316/2316 2310/2310
f 2315/2315 2312/2312 2317/2317
f 2315/2315 2318/2318 2319/2319
f 2315/2315 2320/2320 2313/2313
f 2239/2239 2250/2250 2237/2237
f 2239/2239 2194/2194 2300/2300
f 2321/2321 2322/2322 2323/2323
f 2322/2322 2321/2321 2324/2324
f 2324/2324 2298/2298 2322/2322
f 2259/2259 2193/2193 2262/2262
f 2325/2325 2326/2326 2327/2327
f 2326/2326 2325/2325 2328/2328
f 2328/2328 2329/2329 2326/2326
f 2330/2330 2331/2331 2332/2332
f 2331/2331 2330/2330 2333/2333
f 2331/2331 2334/2334 2332/2332
f 2307/2307 2304/2304 2303/2303
f 2296/2296 2294/2294 2293/2293
f 2297/2297 2335/2335 2336/2336
f 2337/2337 2338/2338 2339/2339
f 2337/2337 2340/2340 2341/2341
f 2340/2340 2337/2337 2342/2342
f 2341/2341 2343/2343 2344/2344
f 2342/2342 2339/2339 2345/2345
f 2342/2342 2346/2346 2340/2340
f 2311/2311 2310/2310 2316/2316
f 2316/2316 2314/2314 2347/2347
f 2316/2316 2252/2252 2254/2254
f 2312/2312 2315/2315 2310/2310
f 2348/2348 2349/2349 2350/2350
f 2348/2348 2351/2351 2225/2225
f 2348/2348 2352/2352 2353/2353
f 2348/2348 2354/2354 2355/2355
f 2351/2351 2348/2348 2350/2350
f 2225/2225 2354/2354 2348/2348
f 2225/2225 2356/2356 2221/2221
f 2319/2319 2357/2357 2320/2320
f 2357/2357 2319/2319 2358/2358
f 2320/2320 2315/2315 2319/2319
f 2358/2358 2319/2319 2359/2359
f 2252/2252 2316/2316 2347/2347
f 2254/2254 2360/2360 2316/2316
f 2254/2254 2256/2256 2361/2361
f 2318/2318 2359/2359 2319/2319
f 2362/2362 2363/2363 2364/2364
f 2362/2362 2365/2365 2366/2366
f 2363/2363 2367/2367 2364/2364
f 2363/2363 2362/2362 2366/2366
f 2317/2317 2318/2318 2315/2315
f 2223/2223 2221/2221 2356/2356
f 2223/2223 2368/2368 2222/2222
f 2356/2356 2225/2225 2351/2351
f 2227/2227 2222/2222 2368/2368
f 2354/2354 2225/2225 2224/2224
f 2224/2224 2221/2221 2369/2369
f 2370/2370 2371/2371 2372/2372
f 2371/2371 2370/2370 2373/2373
f 2371/2371 2374/2374 2375/2375
f 2371/2371 2375/2375 2372/2372
f 2372/2372 2375/2375 2376/2376
f 2373/2373 2377/2377 2257/2257
f 2373/2373 2378/2378 2371/2371
f 2373/2373 2258/2258 2379/2379
f 2258/2258 2373/2373 2257/2257
f 2380/2380 2353/2353 2381/2381
f 2380/2380 2382/2382 2383/2383
f 2353/2353 2380/2380 2349/2349
f 2381/2381 2353/2353 2352/2352
f 2349/2349 2348/2348 2353/2353
f 2253/2253 2257/2257 2251/2251
f 2384/2384 2385/2385 2386/2386
f 2384/2384 2387/2387 2385/2385
f 2385/2385 2338/2338 2344/2344
f 2386/2386 2344/2344 2343/2343
f 2339/2339 2342/2342 2337/2337
f 2345/2345 2382/2382 2342/2342
f 2378/2378 2373/2373 2379/2379
f 2344/2344 2337/2337 2341/2341
f 2344/2344 2386/2386 2385/2385
f 2346/2346 2342/2342 2382/2382
f 2382/2382 2388/2388 2346/2346
f 2382/2382 2380/2380 2381/2381
f 2382/2382 2345/2345 2383/2383
f 2374/2374 2389/2389 2375/2375
f 2374/2374 2371/2371 2378/2378
f 2389/2389 2374/2374 2390/2390
f 2375/2375 2389/2389 2391/2391
f 2375/2375 2391/2391 2376/2376
f 2390/2390 2392/2392 2389/2389
f 2352/2352 2393/2393 2381/2381
f 2352/2352 2348/2348 2355/2355
f 2392/2392 2390/2390 2394/2394
f 2392/2392 2391/2391 2389/2389
f 2338/2338 2385/2385 2387/2387
f 2338/2338 2337/2337 2344/2344
f 2395/2395 2396/2396 2397/2397
f 2395/2395 2367/2367 2398/2398
f 2396/2396 2399/2399 2397/2397
f 2399/2399 2396/2396 2400/2400
f 2387/2387 2384/2384 2401/2401
f 2335/2335 2297/2297 2296/2296
f 2335/2335 2402/2402 2336/2336
f 2336/2336 2402/2402 2403/2403
f 2228/2228 2220/2220 2222/2222
f 2388/2388 2382/2382 2381/2381
f 2360/2360 2254/2254 2361/2361
f 2377/2377 2373/2373 2370/2370
f 2211/2211 2208/2208 2210/2210
f 2212/2212 2404/2404 2405/2405
f 2367/2367 2363/2363 2398/2398
f 2367/2367 2395/2395 2397/2397
f 2406/2406 2405/2405 2404/2404
f 2406/2406 2404/2404 2407/2407
f 2404/2404 2212/2212 2211/2211
f 2407/2407 2408/2408 2406/2406
f 2298/2298 2324/2324 2299/2299
f 2298/2298 2295/2295 2292/2292
f 2205/2205 2201/2201 2207/2207
f 2290/2290 2288/2288 2308/2308
f 2233/2233 2230/2230 2202/2202
f 2409/2409 2410/2410 2411/2411
f 2409/2409 2411/2411 2412/2412
f 2410/2410 2334/2334 2413/2413
f 2410/2410 2413/2413 2411/2411
f 2369/2369 2221/2221 2226/2226
f 2334/2334 2331/2331 2413/2413
f 2281/2281 2267/2267 2231/2231
f 2235/2235 2230/2230 2234/2234
f 2245/2245 2243/2243 2242/2242
f 2246/2246 2414/2414 2415/2415
f 2416/2416 2412/2412 2417/2417
f 2416/2416 2409/2409 2412/2412
f 2416/2416 2418/2418 2419/2419
f 2418/2418 2416/2416 2417/2417
f 2400/2400 2408/2408 2407/2407
f 2408/2408 2400/2400 2396/2396
f 2414/2414 2246/2246 2245/2245
f 2268/2268 2265/2265 2267/2267
f 2420/2420 2421/2421 2422/2422
f 2423/2423 2421/2421 2420/2420
f 2424/2424 2425/2425 2426/2426
f 2425/2425 2424/2424 2427/2427
f 2291/2291 2263/2263 2285/2285
f 2247/2247 2244/2244 2241/2241
f 2428/2428 2429/2429 2430/2430
f 2429/2429 2428/2428 2365/2365
f 2365/2365 2362/2362 2429/2429
f 2431/2431 2432/2432 2433/2433
f 2432/2432 2431/2431 2434/2434
f 2435/2435 2436/2436 2437/2437
f 2438/2438 2437/2437 2436/2436
f 2439/2439 2440/2440 2441/2441
f 2440/2440 2439/2439 2442/2442
f 2443/2443 2444/2444 2445/2445
f 2446/2446 2445/2445 2444/2444
f 2447/2447 2448/2448 2329/2329
f 2448/2448 2447/2447 2449/2449
f 2329/2329 2328/2328 2447/2447
f 2450/2450 2451/2451 2452/2452
f 2450/2450 2453/2453 2454/2454
f 2450/2450 2455/2455 2456/2456
f 2455/2455 2457/2457 2456/2456
f 2455/2455 2450/2450 2458/2458
f 2456/2456 2459/2459 2460/2460
f 2456/2456 2460/2460 2451/2451
f 2458/2458 2454/2454 2461/2461
f 2462/2462 2463/2463 2464/2464
f 2462/2462 2465/2465 2463/2463
f 2465/2465 2466/2466 2463/2463
f 2463/2463 2467/2467 2468/2468
f 2463/2463 2469/2469 2464/2464
f 2470/2470 2471/2471 2472/2472
f 2471/2471 2470/2470 2473/2473
f 2472/2472 2474/2474 2475/2475
f 2476/2476 2477/2477 2478/2478
f 2477/2477 2479/2479 2478/2478
f 2477/2477 2476/2476 2480/2480
f 2480/2480 2481/2481 2477/2477
f 2482/2482 2481/2481 2483/2483
f 2481/2481 2482/2482 2477/2477
f 2481/2481 2480/2480 2484/2484
f 2483/2483 2467/2467 2466/2466
f 2485/2485 2486/2486 2462/2462
f 2485/2485 2464/2464 2487/2487
f 2485/2485 2462/2462 2464/2464
f 2488/2488 2454/2454 2489/2489
f 2488/2488 2490/2490 2491/2491
f 2488/2488 2492/2492 2461/2461
f 2488/2488 2493/2493 2492/2492
f 2461/2461 2454/2454 2488/2488
f 2454/2454 2453/2453 2494/2494
f 2454/2454 2458/2458 2450/2450
f 2454/2454 2494/2494 2489/2489
f 2466/2466 2495/2495 2482/2482
f 2466/2466 2465/2465 2495/2495
f 2466/2466 2482/2482 2483/2483
f 2495/2495 2479/2479 2482/2482
f 2479/2479 2477/2477 2482/2482
f 2467/2467 2463/2463 2466/2466
f 2496/2496 2497/2497 2498/2498
f 2497/2497 2499/2499 2498/2498
f 2498/2498 2500/2500 2496/2496
f 2500/2500 2501/2501 2496/2496
f 2502/2502 2491/2491 2503/2503
f 2491/2491 2502/2502 2493/2493
f 2491/2491 2490/2490 2504/2504
f 2503/2503 2491/2491 2504/2504
f 2493/2493 2488/2488 2491/2491
f 2505/2505 2506/2506 2507/2507
f 2506/2506 2508/2508 2509/2509
f 2506/2506 2509/2509 2510/2510
f 2506/2506 2505/2505 2511/2511
f 2507/2507 2512/2512 2513/2513
f 2507/2507 2514/2514 2515/2515
f 2511/2511 2508/2508 2506/2506
f 2516/2516 2517/2517 2518/2518
f 2516/2516 2457/2457 2517/2517
f 2457/2457 2455/2455 2517/2517
f 2457/2457 2516/2516 2459/2459
f 2518/2518 2519/2519 2516/2516
f 2520/2520 2521/2521 2522/2522
f 2521/2521 2523/2523 2524/2524
f 2521/2521 2525/2525 2522/2522
f 2521/2521 2520/2520 2526/2526
f 2526/2526 2527/2527 2521/2521
f 2526/2526 2528/2528 2529/2529
f 2523/2523 2521/2521 2527/2527
f 2527/2527 2526/2526 2530/2530
f 2524/2524 2531/2531 2532/2532
f 2533/2533 2534/2534 2535/2535
f 2535/2535 2536/2536 2533/2533
f 2535/2535 2537/2537 2538/2538
f 2537/2537 2539/2539 2538/2538
f 2538/2538 2540/2540 2536/2536
f 2528/2528 2486/2486 2529/2529
f 2528/2528 2526/2526 2520/2520
f 2529/2529 2541/2541 2542/2542
f 2529/2529 2485/2485 2487/2487
f 2529/2529 2486/2486 2485/2485
f 2543/2543 2544/2544 2545/2545
f 2544/2544 2546/2546 2545/2545
f 2544/2544 2543/2543 2547/2547
f 2544/2544 2548/2548 2549/2549
f 2547/2547 2550/2550 2551/2551
f 2547/2547 2540/2540 2539/2539
f 2547/2547 2548/2548 2544/2544
f 2549/2549 2519/2519 2544/2544
f 2519/2519 2552/2552 2516/2516
f 2519/2519 2518/2518 2546/2546
f 2548/2548 2547/2547 2551/2551
f 2553/2553 2554/2554 2555/2555
f 2554/2554 2553/2553 2556/2556
f 2555/2555 2557/2557 2553/2553
f 2556/2556 2558/2558 2554/2554
f 2525/2525 2532/2532 2559/2559
f 2525/2525 2521/2521 2524/2524
f 2453/2453 2450/2450 2452/2452
f 2459/2459 2456/2456 2457/2457
f 2559/2559 2560/2560 2561/2561
f 2560/2560 2532/2532 2562/2562
f 2560/2560 2559/2559 2532/2532
f 2561/2561 2563/2563 2564/2564
f 2532/2532 2525/2525 2524/2524
f 2563/2563 2560/2560 2562/2562
f 2563/2563 2561/2561 2560/2560
f 2540/2540 2547/2547 2543/2543
f 2540/2540 2538/2538 2539/2539
f 2539/2539 2537/2537 2565/2565
f 2564/2564 2563/2563 2566/2566
f 2536/2536 2535/2535 2538/2538
f 2567/2567 2568/2568 2569/2569
f 2568/2568 2570/2570 2569/2569
f 2568/2568 2571/2571 2570/2570
f 2568/2568 2567/2567 2572/2572
f 2569/2569 2570/2570 2573/2573
f 2572/2572 2574/2574 2575/2575
f 2572/2572 2576/2576 2568/2568
f 2546/2546 2544/2544 2519/2519
f 2490/2490 2488/2488 2489/2489
f 2577/2577 2578/2578 2579/2579
f 2578/2578 2577/2577 2580/2580
f 2579/2579 2581/2581 2577/2577
f 2582/2582 2459/2459 2516/2516
f 2583/2583 2584/2584 2585/2585
f 2583/2583 2585/2585 2586/2586
f 2587/2587 2588/2588 2589/2589
f 2587/2587 2589/2589 2590/2590
f 2588/2588 2591/2591 2589/2589
f 2531/2531 2562/2562 2532/2532
f 2531/2531 2524/2524 2523/2523
f 2592/2592 2593/2593 2594/2594
f 2593/2593 2592/2592 2595/2595
f 2594/2594 2596/2596 2597/2597
f 2598/2598 2599/2599 2600/2600
f 2599/2599 2601/2601 2602/2602
f 2599/2599 2603/2603 2604/2604
f 2600/2600 2605/2605 2598/2598
f 2600/2600 2606/2606 2607/2607
f 2600/2600 2602/2602 2608/2608
f 2600/2600 2607/2607 2609/2609
f 2605/2605 2600/2600 2609/2609
f 2574/2574 2572/2572 2610/2610
f 2610/2610 2572/2572 2611/2611
f 2611/2611 2572/2572 2567/2567
f 2611/2611 2509/2509 2610/2610
f 2612/2612 2613/2613 2614/2614
f 2612/2612 2614/2614 2615/2615
f 2612/2612 2616/2616 2617/2617
f 2614/2614 2618/2618 2619/2619
f 2615/2615 2619/2619 2620/2620
f 2615/2615 2621/2621 2612/2612
f 2621/2621 2622/2622 2612/2612
f 2623/2623 2624/2624 2625/2625
f 2624/2624 2623/2623 2626/2626
f 2625/2625 2570/2570 2623/2623
f 2626/2626 2623/2623 2627/2627
f 2509/2509 2611/2611 2510/2510
f 2510/2510 2512/2512 2506/2506
f 2627/2627 2623/2623 2628/2628
f 2628/2628 2570/2570 2571/2571
f 2570/2570 2628/2628 2623/2623
f 2570/2570 2625/2625 2573/2573
f 2629/2629 2622/2622 2630/2630
f 2629/2629 2631/2631 2632/2632
f 2629/2629 2633/2633 2634/2634
f 2622/2622 2621/2621 2630/2630
f 2622/2622 2629/2629 2632/2632
f 2630/2630 2635/2635 2629/2629
f 2576/2576 2572/2572 2575/2575
f 2576/2576 2571/2571 2568/2568
f 2632/2632 2636/2636 2622/2622
f 2633/2633 2637/2637 2634/2634
f 2633/2633 2629/2629 2635/2635
f 2634/2634 2637/2637 2638/2638
f 2634/2634 2638/2638 2639/2639
f 2613/2613 2640/2640 2614/2614
f 2613/2613 2612/2612 2617/2617
f 2641/2641 2642/2642 2643/2643
f 2642/2642 2644/2644 2643/2643
f 2642/2642 2513/2513 2645/2645
f 2642/2642 2641/2641 2514/2514
f 2643/2643 2646/2646 2647/2647
f 2643/2643 2648/2648 2641/2641
f 2514/2514 2507/2507 2642/2642
f 2513/2513 2642/2642 2507/2507
f 2649/2649 2620/2620 2650/2650
f 2649/2649 2607/2607 2606/2606
f 2650/2650 2620/2620 2619/2619
f 2619/2619 2615/2615 2614/2614
f 2619/2619 2651/2651 2650/2650
f 2512/2512 2507/2507 2506/2506
f 2652/2652 2653/2653 2654/2654
f 2652/2652 2654/2654 2655/2655
f 2654/2654 2604/2604 2655/2655
f 2654/2654 2601/2601 2604/2604
f 2602/2602 2600/2600 2599/2599
f 2644/2644 2642/2642 2645/2645
f 2603/2603 2599/2599 2598/2598
f 2604/2604 2656/2656 2655/2655
f 2607/2607 2649/2649 2650/2650
f 2607/2607 2657/2657 2609/2609
f 2646/2646 2643/2643 2644/2644
f 2646/2646 2658/2658 2647/2647
f 2658/2658 2646/2646 2659/2659
f 2647/2647 2658/2658 2660/2660
f 2659/2659 2661/2661 2658/2658
f 2618/2618 2614/2614 2640/2640
f 2661/2661 2660/2660 2658/2658
f 2661/2661 2659/2659 2662/2662
f 2660/2660 2648/2648 2647/2647
f 2601/2601 2654/2654 2653/2653
f 2601/2601 2599/2599 2604/2604
f 2663/2663 2664/2664 2665/2665
f 2664/2664 2666/2666 2667/2667
f 2665/2665 2668/2668 2663/2663
f 2668/2668 2665/2665 2669/2669
f 2653/2653 2652/2652 2670/2670
f 2671/2671 2597/2597 2672/2672
f 2597/2597 2596/2596 2672/2672
f 2596/2596 2594/2594 2593/2593
f 2606/2606 2600/2600 2608/2608
f 2631/2631 2629/2629 2634/2634
f 2639/2639 2631/2631 2634/2634
f 2657/2657 2607/2607 2650/2650
f 2508/2508 2673/2673 2610/2610
f 2508/2508 2610/2610 2509/2509
f 2508/2508 2511/2511 2674/2674
f 2673/2673 2508/2508 2675/2675
f 2648/2648 2643/2643 2647/2647
f 2474/2474 2472/2472 2471/2471
f 2474/2474 2676/2676 2677/2677
f 2451/2451 2450/2450 2456/2456
f 2678/2678 2679/2679 2680/2680
f 2678/2678 2677/2677 2676/2676
f 2677/2677 2475/2475 2474/2474
f 2676/2676 2681/2681 2678/2678
f 2682/2682 2667/2667 2666/2666
f 2666/2666 2683/2683 2682/2682
f 2666/2666 2664/2664 2663/2663
f 2683/2683 2684/2684 2685/2685
f 2679/2679 2678/2678 2681/2681
f 2581/2581 2579/2579 2558/2558
f 2558/2558 2556/2556 2581/2581
f 2685/2685 2682/2682 2683/2683
f 2684/2684 2686/2686 2687/2687
f 2469/2469 2463/2463 2468/2468
f 2487/2487 2688/2688 2689/2689
f 2487/2487 2541/2541 2529/2529
f 2688/2688 2487/2487 2464/2464
f 2690/2690 2691/2691 2692/2692
f 2691/2691 2690/2690 2693/2693
f 2692/2692 2694/2694 2690/2690
f 2693/2693 2695/2695 2691/2691
f 2616/2616 2612/2612 2622/2622
f 2616/2616 2622/2622 2636/2636
f 2694/2694 2692/2692 2591/2591
f 2591/2591 2588/2588 2694/2694
f 2542/2542 2526/2526 2529/2529
f 2541/2541 2487/2487 2696/2696
f 2501/2501 2697/2697 2698/2698
f 2501/2501 2500/2500 2699/2699
f 2700/2700 2701/2701 2695/2695
f 2701/2701 2700/2700 2702/2702
f 2695/2695 2693/2693 2700/2700
f 2669/2669 2665/2665 2703/2703
f 2669/2669 2704/2704 2705/2705
f 2704/2704 2669/2669 2703/2703
f 2651/2651 2619/2619 2618/2618
f 2697/2697 2501/2501 2699/2699
f 2550/2550 2547/2547 2539/2539
f 2687/2687 2685/2685 2684/2684
f 2686/2686 2706/2706 2687/2687
f 2686/2686 2707/2707 2706/2706
f 2708/2708 2709/2709 2710/2710
f 2708/2708 2711/2711 2709/2709
f 2557/2557 2555/2555 2712/2712
f 2713/2713 2714/2714 2715/2715
f 2716/2716 2714/2714 2713/2713
f 2717/2717 2718/2718 2719/2719
f 2718/2718 2717/2717 2720/2720
f 2552/2552 2519/2519 2549/2549
f 2721/2721 2498/2498 2499/2499
f 2722/2722 2707/2707 2723/2723
f 2707/2707 2722/2722 2706/2706
f 2724/2724 2725/2725 2726/2726
f 2725/2725 2724/2724 2727/2727
f 2728/2728 2729/2729 2730/2730
f 2731/2731 2730/2730 2729/2729
f 2732/2732 2733/2733 2734/2734
f 2733/2733 2732/2732 2735/2735
f 2736/2736 2737/2737 2738/2738
f 2737/2737 2739/2739 2738/2738
f 2740/2740 2741/2741 2742/2742
f 2740/2740 2742/2742 2743/2743
f 2744/2744 2745/2745 2746/2746
f 2745/2745 2744/2744 2747/2747
f 2748/2748 2749/2749 2750/2750
f 2749/2749 2751/2751 2750/2750
f 2752/2752 2740/2740 2743/2743
f 2752/2752 2743/2743 2753/2753

